Name;Localisation;Price;Area
Mieszkanie 3 pokoje ul. WŁODKOWICA od 10.2022;Stare Miasto;4000;70
Dwupokojowe mieszkanie z klimatyzacją i balkonem, Jagodno ul. Buforowa;Krzyki;3000;37
REZERWACJA DO 07.09 Do wynajęcia przytulne mieszkanie Biskupin-Dąbie;Śródmieście;1700;29
Lokum Di Trevi, Międzyleska;Krzyki;3250;48
Kawalerka na Wrocławskim rynku- PIERWSZY NAJEM;Stare Miasto;3000;25
Mieszkanie ul. Przyjaźni/Rodzinna/Sasiedzka BEZPOŚREDNIO/BEZ PROWIZJI;Krzyki;4500;95
Wyremontowane 2-pokojowe mieszkanie Wrocław;Krzyki;2800;52
Kawalerka drukarska;Krzyki;1600;31
Idealne dla studentów/2 pok./Grabiszyńska, od 1.10;Fabryczna;3000;55
Mieszkanie 2 pokojowe Krzyki Gaj;Krzyki;2600;37
mieszkanie 3 pokoje, zatorska, zakrzów,  wysoki standard.;Psie Pole;3000;54
Mieszkanie w centrum Wrocławia;Stare Miasto;3200;45
Apartament z pięknym widokiem Atal Towers 16Piętro;Stare Miasto;5200;48
3 pokoje/ 63 m2/ Grabiszyńska/blisko parku/ obniżka ceny!!!;Fabryczna;3300;63
2 Pokoje, Klimatyzacja, Garaż, Tarnogaj, Dostępne od zaraz;Krzyki;2900;45
Wrocław Rynek 2 pokoje;Stare Miasto;3200;53
Nowe mieszkanie, 2 pokoje 36m2 + balkon, Jagodno;Krzyki;3000;36
Nie trać czasu na dojazdy, mikroapartament, ścisłe centrum;Stare Miasto;2200;17
Mieszkanie 2pok,klimatyzacja,miejsce postojowe,Port Popowice;Stare Miasto;3000;41
! OD TERAZ ! Dla osób pracujących ! Bielany Wrocławskie !;Krzyki;3500;66
Kawalerka na wynajem na Zakrzowie;Śródmieście;2100;34
Ul. Czysta, 2 pokoje, osobna kuchnia, balkon, nowe budownictwo.;Stare Miasto;2800;52
Piękna kawalerka/ Zakładowa/ Rychtalska/Miejsce postojowe;Fabryczna;2300;30
Nowe || 2 - pokojowe mieszkanie || Lipa Piotrowska;Psie Pole;2500;44
mieszkanie na wynajem;Krzyki;1700;45
Mieszkanie 38m2 Wrocław centrum do wynajęcia dla 2-3 osób;Stare Miasto;2700;38
do wynajęcia Browar Piastowski Loft 3p z ogródkiem   i garażem;Śródmieście;5000;60
Dwupokojowe mieszkanie, Śródmieście ul. Reja;Śródmieście;2600;32
Dwupokojowe mieszkanie, Śródmieście ul. Sępa-Szarzyńskiego;Śródmieście;2600;32
Mieszkanie do wynajęcia;Fabryczna;4450;56
Legnicka33,  2pok, osobna kuchnia, garaż .We speak English.Scroll down;Stare Miasto;3100;40
Wynajmę mieszkanie 2 pokojowe 37m2 - Centrum Wrocławia;Stare Miasto;3000;37
Wynajmę mieszkanie ul. Jutrzenki, 77m2 dwupoziomowe z ogródkiem;Krzyki;4000;77
Mieszkanie krzyki, Borek, partynice, Hallera, sky tower, klecina;Krzyki;2000;15
Luksusowy apartament mieszkanie 61m2 ul.Legnicka z widokiem na Wrocław;Fabryczna;5500;61
Rozkładowe 3 pok. / 1 km od Ue / dostępne od zaraz;Krzyki;3100;56
2 pokoje dla osób pracujących - singla lub pary;Stare Miasto;2600;48
"mieszkanie w systemie TBS - ul. Poleska - Psie Pole; Wrocław";Psie Pole;11172873;52.14
Słoneczne mieszkanie ul. Białowieska/Legnicka, 75 m, 2 pokoje+ salon;Fabryczna;3000;75
OKAZJA _ODRA HOUSE _ z klubem Fitness i GARAŻEM;Stare Miasto;3100;55
Apartamenty Wrocław wynajem długoterminowy;Śródmieście;2500;25
Wrocław - Bezpośrednio, 76m dla 4 studentów;Fabryczna;3000;76
NOWE 1najem Kamieńskiego 2 pok 36m2 balkon parking;Psie Pole;2900;36
2-pokojowe mieszkanie przy samym Rynku, ul. Kotlarska;Stare Miasto;3100;32
Ścisłe centrum. Opłaty i internet w cenie;Stare Miasto;3200;32
kawalerka z balkonem centrum;Stare Miasto;2000;30
Mieszkanie 2 pokoje - ul. Jesionowa 47 Wrocław Krzyki;Krzyki;3000;44
Widok na PARK. OGRÓD do wyłącznej dyspozycji!;Krzyki;6500;98
Ul. Krucza_2_pok._Garaż_OD PAŹDZIERNIKA;Krzyki;2950;47
wynajem mieszkania;Krzyki;2400;70
Mieszkanie  Strefa LG -ul.Przyjażni, Wrocław;Krzyki;5600;85
2 pokoje Nowa Manufaktura Kościuszki NOWE;Stare Miasto;3400;38
Piękna kawalerka/ Zakładowa/ Rychtalska/Miejsce postojowe;Fabryczna;2300;30
Dwupokojowe mieszkanie.Od października.15 min do rynku.44m²;Fabryczna;2500;44
Szybka (boczna Traugutta) - 2 rozkładowe pokoje, winda, balkon;Krzyki;2550;45
do wynajęcia 2-pokojowe, ul. Zwycięska;Krzyki;1950;45
Słoneczne Stabłowice 3 pokojowe nowe do zamieszkania od zaraz;Fabryczna;3500;64
Wynajmę mieszkanie 2 pokojowe!;Fabryczna;3500;42
Prestiżowy apartament ul. Dmowskiego | 2pok | od 1.10;Stare Miasto;4000;73
Do wynajęcia mieszkanie 2pok. ul. Zdrowa-Grabiszyńska;Stare Miasto;2150;49
Kawalerka 30m2, Wrocław, Prusa, od 1.10;Śródmieście;1800;30
Kawalerka na Krzykach;Krzyki;1950;30
Krakowska / blisko cetrum / piekny widok;Krzyki;3000;43
Mieszkanie 2 pokojowe na wynajem Gliniana [REZERWACJA do 07.09.];Krzyki;2600;47
kawalerka ul. Rogowska /Nowy Dwór;Fabryczna;2000;25.50
Legnicka, Popowice, Magnolia - bez pośredników;Fabryczna;3100;38
Atal Towers Sikorskiego mieszkanie 2 pokoje 46m2;Stare Miasto;4000;46
Apartament w centrum Wroclawia;Śródmieście;3800;55
Kawalerka 30m2 Wrocław Prusa od 1.10;Śródmieście;1800;30
pokój do wynajęcia;Śródmieście;900;14
4pokoje rozkładowe dla 3-4 osób;Krzyki;4000;72
Do wynajęcia kawalerka na Żernikach we Wrocławiu;Fabryczna;1500;25
Dwupokojowe mieszkanie z ogródkiem/Maślice;Wrocław;2700;39
Mieszkanie 3 pokojowe koło placu Bema, 15 minut od Rynku;Śródmieście;4000;60
Mieszkanie trzypokojowe we Wrocławiu ul. Tęczowa;Stare Miasto;2800;50
mieszkanie 2 pokojowe po remoncie Ul. Kaszubska;Śródmieście;2800;36
Kawalerka-Agat ul.Rogowska 129a;Fabryczna;2200;22
Nowe mieszkanie na wynajem, wysoki standard, 2 pok, Angel City;Krzyki;5000;48
Mieszkanie do wynajęcia Psie Pole ul Mulicka;Psie Pole;2600;44
Mieszkanie krzyki- partynice tarasem- zarezerwowane;Krzyki;2900;46
Do wynajęcia 42mkw;Fabryczna;2500;42
Obornicka/ 2 pok / balkon/ wysoki standard;Psie Pole;3100;46
Wynajmę pokój - okazja!;Fabryczna;700;10
2-pok | Balkon | dla 2os maks. | ul. Brzeska;Krzyki;2500;50
NOWE 2-pokojowe mieszkanie w centrum + GARAŻ;Śródmieście;3900;40
Piękne mieszkanie 3-pokojowe w centrum dla 4 osób!;Krzyki;3800;70
REZERWACJA Wynajmę 2-pokojowe mieszkanie przy al. Armii Krajowej;Krzyki;2700;48
5 min. do U. Med., 7 min. do U. Ekon.;Krzyki;4300;80
Stylowy apartament-kawalerka z balkonem. Top Modern Studio - Okazja!;Fabryczna;2600;30
Kawalerka przy Magnolii 20 m2;Fabryczna;2050;20
Mieszkanie 100m od rynku, ul Kotlarska;Stare Miasto;2500;37
Dwupokojowe mieszkanie, Śródmieście/Ołbin ul. Daszyńskiego;Śródmieście;2900;35
Mieszkanie - Wrocław Jagodno;Krzyki;3100;47
Mieszkanie - Wrocław Fabryczna;Fabryczna;3200;53
Mieszkanie na wynajem;Stare Miasto;3500;47.64
Piekne - 3 pokoje - BALKON / KRZYKI / FERIO GAJ - PARK Skowroni;Krzyki;3700;53
Mieszkanie do wynajęcia Przejazdowa Sołtysowice;Psie Pole;3000;54
Partynice-Wysoka,  4 pok, garaż, taras, komfortowe;Krzyki;3990;84
Mieszkanie do wynajecia ul.Mosiężna;Stare Miasto;3500;52
Apartamenty Wrocław wynajem długoterminowy;Śródmieście;2500;25
Mikrokawalerka Głogowska/ obok Legnickiej;Fabryczna;1900;16
Kawalerka w centrum Wrocławia Traugutta 127, blisko plac Dominikański;Śródmieście;1750;16
Kawalerka, okolice Rynek CO+CW miejskie, 2400zł opłaty wliczone;Stare Miasto;2400;18
Mieszkanie 3 pokoje ul. WŁODKOWICA od 10.2022;Stare Miasto;4000;70
Dwupokojowe mieszkanie, Śródmieście/Ołbin ul. Daszyńskiego;Śródmieście;2900;35
REZERWACJA DO 07.09 Do wynajęcia przytulne mieszkanie Biskupin-Dąbie;Śródmieście;1700;29
Okazja Apartament z widokiem na południe miasta 16 Piętro ATAL TOWERS;Stare Miasto;5200;48
Wynajmę kawalerkę mieszkanie we Wrocławiu;Śródmieście;2500;25
Wynajmę mieszkanie na ulicy Skrzydlatej;Fabryczna;3700;62
Mieszkanie na Nadodrzu od 01.10;Stare Miasto;3200;39
Do wynajęcia kawalerka ul Mlodych Technikow;Stare Miasto;2100;27
2 pokoje / rozkładowe / Gaj / loftowy klimat;Krzyki;3500;54
Mieszkanie do wynajęcia, 2 pokoje, Wrocław, centrum - pl.Grunwaldzki;Śródmieście;3200;52
2 pokoje, Most Pokoju, ogrzewanie miejskie, piękny widok, centrum;Stare Miasto;2600;58
Studio Apartament Krzyki Borek;Krzyki;1800;32
Apartament w centrum Wroclawia;Śródmieście;3800;55
Jagodno, ul. Drabika, 2 pok. 40m + balkon, PIERWSZY NAJEM;Krzyki;2800;40
Wynajmę bardzo ładna kawalerkę, Brodatego Wrocław;Śródmieście;2100;30
2 pok. apartament z garażem w cenie, ul. Prądzyńskiego;Krzyki;2600;38
dla singla lub pary, 2 pokoje, garderoba, ul. Ołowiana;Fabryczna;3500;60
2 pokoje osobna kuchnia, ul. Piekna | Nowy budynek;Krzyki;3000;52
Wynajmę mikrokawalerkę w centrum miasta;Stare Miasto;1600;16
M 32m2 2pok 2400PLN Piękna KRZYKI;Krzyki;2400;35
Do wynajęcia mieszkanie 3pok. ul. Orzechowa;Krzyki;2300;55
Mieskzanie 2 pokoje , srodmiescie;Śródmieście;2800;42
Piękne 3 pokojowe / Dmowskiego / BEZPOŚREDNIO;Stare Miasto;5000;81
Partynice, taras, ogródek, zamykany garaż!;Krzyki;5500;85
Wynajmę 3 pokojowe ul Ołtaszyńska;Krzyki;4000;63
Mieszkanie  Strefa LG -ul.Przyjażni, Wrocław;Krzyki;5600;85
Mikrokawalerka Głogowska/ obok Legnickiej;Fabryczna;1900;16
Apartamenty Wrocław wynajem długoterminowy;Śródmieście;2500;25
Kawalerka do wynajęcia Wroclaw Plac Jana Pawła II Stare Miasto;Stare Miasto;4200;26
ul. Krakowska _ 3 pok _ k. lokatorska _ m. postojowe _ od 01.10;Krzyki;3850;55
mikrokawalerka dla 1 osoby - Legnicka/Magnolia;Fabryczna;1950;13.67
Wynajmę mieszkanie 2-pokojowe w wysokim standardzie, kameralne osiedle;Psie Pole;2900;42
Ok. Świdnickiej/Rynek, 2 pok, wysoki standard!;Stare Miasto;3000;45
Kawalerka na ul. Kiełbaśniczej od zaraz;Stare Miasto;2900;30
Nowoczesne mieszkanie do wynajęcia;Krzyki;5000;70
Nowoczesna kawalerka Legnicka 59, pierwszy najem !;Fabryczna;2500;25.40
OKAZJA _ODRA HOUSE _ z klubem Fitness i GARAŻEM;Stare Miasto;3100;55
Mieszkanie do wynajęcia Wrocław-Krzyki, blisko Sky Tower;Krzyki;2900;35
Walońska 7 / Angel River/ ogródek - do maja;Krzyki;3200;52
Piękna kawalerka/ Zakładowa/ Rychtalska/Miejsce postojowe;Fabryczna;2300;30
Nowoczesne, w pełni wyposażone mieszkanie blisko cetrum;Krzyki;2900;45
Przestronne 3 pok mieszkanie na Krzykach *ul.Przyjaźni * klecina*;Krzyki;3600;73
Kościuszki, pierwszy najem, 3 pokoje + garaż;Krzyki;3500;47.23
3 POK mieszkanie na Krzykach **ul. Schuberta**Balkon**parking;Krzyki;3500;67
Kawalerka przy Magnolii 20 m2;Fabryczna;2050;20
Borek, Hallera 3 Pokoje, klimatyzacja;Krzyki;3800;68
Rezerwacja - nie dzwonić przed 12.09;Stare Miasto;2500;35
Mieszkanie,3-pokojowe z garażem, Jagodno;Krzyki;3700;65
Mieszkanie 100m od rynku, ul Kotlarska;Stare Miasto;2500;37
Kawalerka w centum miasta (Kościuszki/Świstackiego);Śródmieście;2500;30
Mieszkanie dla trzech studentów;Stare Miasto;2900;64
OKAZJA _ODRA HOUSE _ z klubem Fitness i GARAŻEM;Stare Miasto;3100;55
Kawalerka przy Magnolii 20 m2;Fabryczna;2050;20
Nowoczesne, w pełni wyposażone mieszkanie blisko cetrum;Krzyki;2900;45
Mieskzanie 2 pokoje, jedności narodowej;Śródmieście;2800;41
Mieszkanie 2 pokojowe Wrocław Kuźniki bezpośrednio;Fabryczna;3000;46
Wynajmę piękne mieszkanie dwupokojowe w centrum;Wrocław;3440;52.40
Mieszkanie 1 pokoj 33m2 ul. Goslawicka;Fabryczna;1700;33
Wynajem mieszkania we Wrocławiu;Stare Miasto;3000;37
Wynajmę piękne mieszkanie dwupokojowe  w centrum Wrocławia;Stare Miasto;3440;52.40
Mieszkanie 2 pokoje Wrocław Muchobór Mały;Fabryczna;2500;32
Wynajmę apartament 4 pokoje Wrocław ul. Litewska;Psie Pole;3899;72
KOMFORTOWE 3 pokoje /Skrzydlata / Gądów Mały;Fabryczna;3000;54
Przestronna kawalerka z dużymi szafami ul. Opolska 121;Krzyki;2250;31
3 pokoje/ 63 m2/ Grabiszyńska/blisko parku/ obniżka ceny!!!;Fabryczna;3300;63
Mieszkanie 46m z ogródkiem Wrocław ul. Rybnicka (osiedle zamknięte);Krzyki;3000;46
Wynajmę bardzo ładna kawalerkę, Brodatego Wrocław;Śródmieście;2100;30
Jagodno, ul. Drabika, 2 pok. 40m + balkon, NOWE;Krzyki;2800;40
mieszkanie Starter Mikroapartament Wrocław Pasteura Pasaż Grunwaldzki;Śródmieście;1500;12
Mieszkanie 2 pok. 50m2 Plac Grunwaldzki, ul. Piwna;Śródmieście;2900;50
mieszkanie Starter Mikroapartament Wrocław Pasteura Pasaż Grunwaldzki;Śródmieście;1500;12
Wynajem 2-pokoje;Fabryczna;1900;40
2 pokoje_balkon_Pierwszy_Najem!_Blisko_Centrum;Fabryczna;3500;45.09
2 pokoje od 01.10.22! Bez pośredników i prowizji.Pełen rozkład.Klima;Krzyki;3500;49
2 Pokoje z ogródkiem - Pretficza, Wrocław;Krzyki;3000;50
Sępolno Biskupin Grunwaldzki Politechnika kawalerka pokój;Śródmieście;2400;20
Mieszkanie 2 pokojowe na wynajem Gliniana [REZERWACJA do 07.09.];Krzyki;2600;47
Komfortowa kawalerka30m2, od października;Psie Pole;2600;30
Dwupokojowe mieszkanie, Śródmieście/Ołbin ul. Daszyńskiego;Śródmieście;2900;35
Apartament 3 pok. 85,5mkw CENTRUM + m. parkingowe podziemne;Stare Miasto;3500;85
Jagodno, ul. Drabika, 2 pok. 40m + balkon, PIERWSZY NAJEM;Krzyki;2800;40
Słoneczna kawalerka z balkonem przy pl. Grunwaldzkim - wysoki standard;Śródmieście;2000;25
Mieszkanie dla pracowników budowlanych 44m2;Psie Pole;2400;44
Najmę kawalerkę lub pokój we Wrocławiu.;Stare Miasto;1200;12
Wrocław Centrum, ok. Placu Grunwaldzkiego 2-pok, 76m2;Śródmieście;3900;76
Wynajmę mieszkanie 3 pokojowe  ul. Rychtalska.(możliwość Faktury Vat);Śródmieście;4500;69
Ul. Pawłowa , Tęczowa , Przytulne mieszkanie w centrum 36m2 !;Stare Miasto;2100;36
2 pokojowy apartament plac Kościuszki;Stare Miasto;4000;45
wynajmę pokój dla kobiety 970 zł/mc;Stare Miasto;970;17
2-pokojowe mieszkanie, ul. Powstańców Śląskich;Krzyki;2200;32.40
Blisko Uniw. Ekonom. i Medyczn WYNAJMĘ 2-pok mieszkanie STUDENTOM/TKOM;Krzyki;2490;39
kawalerka ul. Rogowska /Nowy Dwór;Fabryczna;2000;25.50
2 pokoje, Most Pokoju, ogrzewanie miejskie, piękny widok, centrum;Stare Miasto;2600;58
3 pokoje/ 58 m2/ Gaj/ Aqua Park;Krzyki;3400;58
Port Popowice - 2 pokoje - apartament na wynajem;Fabryczna;5900;50
ul. Grabiszyńska kawalerka;Stare Miasto;1800;25.50
Wynajmę mieszkanie 2-pokojowe Wrocław;Fabryczna;2500;43
Przytulna kawalerka plac Bema/Wyspa Słodowa;Śródmieście;2200;38
Kawalerka blisko Rynku i Odry ul. Cybulskiego;Stare Miasto;1750;15
2pok. A.Nobla Blisko Centrum Przyjazne dla zwierząt;Śródmieście;2500;37.75
Wrocław - Bezpośrednio, 76m dla 4 studentów;Fabryczna;3000;76
Mieszkanie 2 pokoje - ul. Jesionowa 47 Wrocław Krzyki;Krzyki;3000;44
Wynajmę mieszkanie 2 pokojowe 37m2 - Centrum Wrocławia;Stare Miasto;3000;37
Dwupokojowe mieszkanie z klimatyzacją i balkonem, Jagodno ul. Buforowa;Krzyki;3000;37
Legnicka, Popowice, Magnolia - bez pośredników;Fabryczna;3100;38
KAWALERKA | GRABISZYŃSKA/FAT | blisko Park Grabiszyński;Fabryczna;1800;30
Przestronne mieszkanie w kamienicy;Stare Miasto;4700;93
Mieszkanie 2-pokojowe przy Pasażu Grunwaldzkim (rozkładowe, 56 m2);Śródmieście;2650;56
Wynajmę mieszkanie w Apartamentach Strzegomskich - NIEAKTUALNE;Stare Miasto;2000;32
Kawalerka o wynajęcia. Widok na Odrę. 10 minut do Centrum;Psie Pole;2900;30
Wynajme mieszkanie 3 pokojowe plac grunwaldzki;Śródmieście;4000;76
Kawalerka Zakładowa;Śródmieście;2180;17
2 pokoje / 36m2 / ul Dokerska;Fabryczna;2500;36
Mieszkanie Wrocław Rynek Dwa Pokoje;Stare Miasto;3500;64
Nowe mieszkanie dwupokojowe, idealne dla pary.;Śródmieście;3200;43
Mieszkanie 3-pokojowe z klimatyzacją i widokiem na Wzgórze Gajowe;Krzyki;3300;60
do wynajęcia Browar Piastowski Loft 3p z ogródkiem   i garażem;Śródmieście;5000;60
2-pokojowe na Popowicach;Stare Miasto;2600;40
Wynajmę 66mkw, 2 pok. -widok na rzekę- lux -Wrocław, ul. Kurkowa!;Śródmieście;7000;66
Wynajmę lux 4 pok., 90mkw - Wrocław ul. Poniatowskiego!;Śródmieście;9000;90
Kamienna - zadbana kawalerka przy Uniwersytecie Ekonomicznym;Krzyki;2250;28
atrakcyjna kawalerka, al. Kochanowskiego;Śródmieście;2450;25
Wynajem mieszkania 54 m kw (2 pokoje) - Wrocław Fabryczna;Fabryczna;2900;54
2pok. nowe bud., Królewiecka/PILCZYCKA, 2990zł za CAŁOŚĆ z Internetem!;Fabryczna;2550;42
Kawalerka od zaraz;Stare Miasto;1700;27
3-pokojowe mieszkanie ul. Motylkowa Ołtaszyn;Krzyki;3400;55
2-pokojowe rozkładowe mieszkanie ul. Ładna;Śródmieście;2800;58
Mikrokawalerka Głogowska/ obok Legnickiej;Fabryczna;1900;16
Nowe mieszkanie na wynajem, wysoki standard, 2 pok, Angel City;Krzyki;5000;48
mieszkanie 3 pokoje, zatorska, zakrzów,  wysoki standard.;Psie Pole;3000;54
Mieszkanie -4 pokoje, 70m2  -Prądzyńskiego- Krzyki;Krzyki;3500;70
Mieszkanie 2-pok,balkon,m.postojowe;Krzyki;3000;35
Kawalerka, okolice Rynek CO+CW miejskie, 2400zł opłaty wliczone;Stare Miasto;2400;18
M 3-pokojowe dla studentów lub rodziny. Balkon.;Stare Miasto;4200;55
"""Kawalerka ul. Zwycięska / Agrestowa Wrocław";Krzyki;2800;33
Wrocław, Śródmieście, 2p+k, 4os, 55m2, winda, agd, Mosbacha;Śródmieście;3750;55
Nadodrze, Pomorska, 83 m2, 4 pokoje, 2 łazienki, wyposażenie, garaż;Stare Miasto;5000;83
Pokoje dla pracowników 14 miejsc Psie Pole blisko S8 [om41];Psie Pole;1050;70
Mieszkanie dla pracowników firm, blisko S8, Psie Pole;Psie Pole;750;100
Prestiżowy Apartament - 77 m2 przy ul. Krzyckiej;Krzyki;5800;77
kawalerka z balkonem centrum;Stare Miasto;2000;30
Wynajmę bardzo ładna kawalerkę, Brodatego Wrocław;Śródmieście;2100;30
Piękna kawalerka/ Zakładowa/ Rychtalska/Miejsce postojowe;Fabryczna;2300;30
Mieszkanie na wynajem Wroclaw;Krzyki;3000;44.90
2 pokoje Angel City garaż siłownia i SPA, 7 piętro;Stare Miasto;4100;48
Mieszkanie dwupokojowe do wynajęcia, bez pośredników;Fabryczna;3000;37
Powstańców Śląskich - 2 rozkładowe pokoje, oddzielna kuchnia;Krzyki;2400;50
Apartament, 2pok. Kępa Mieszczańska / Dmowskiego, 5min. do Rynku!;Stare Miasto;3200;52
Mieszkanie 3-pok | Winda | Rozkład | Traugutta;Krzyki;3800;73
3pok. 71m2, rozkład, PLAC BEMA, doskonała lokalizacja!;Śródmieście;3050;71
Mieszkanie dwupokojowe dla pary lub studentow ,studentek. Zeromskiego;Śródmieście;2500;54
Jagodno, ul. Drabika, 2 pok. 40m + balkon, PIERWSZY NAJEM;Krzyki;2800;40
Mieszkanie do wynajęcia Psie Pole ul Mulicka;Psie Pole;2600;44
Mieszkanie 3-pokojowe z klimatyzacją i widokiem na Wzgórze Gajowe;Krzyki;3300;60
Kawalerka w centrum Wrocławia Do wynajęcia;Śródmieście;2300;30
Kleczkowska 47 nowe 2 pok, 2 miejsca postojowe 3500zł;Psie Pole;3500;48
3 pok. + m.postojowe, Wrocław Żmudzka;Psie Pole;3600;62.20
Mieszkanie  Strefa LG -ul.Przyjażni, Wrocław;Krzyki;5600;85
Kawalerka Apartament Dąbrowskiego Wrocław Centrum PKP Rynek Grunwald;Stare Miasto;2500;28
Mieszkanie, 40 m², Wrocław;Stare Miasto;5500;40
2 pokoje, Sienkiewcza, 67m2 Bez pośredników;Śródmieście;5500;67
Rezerwacja oferta wycofana;Psie Pole;2600;53
2-pok. mieszkanie przy ul. Grabiszyńskiej;Stare Miasto;3000;40
Kawalerka od ZARAZ/ 17m2/ Port Popowice/ Magnolia/ Legnicka;Fabryczna;1700;30
NOWE 2-pokojowe mieszkanie w centrum + GARAŻ;Śródmieście;3900;40
Kawalerka na Krzykach;Krzyki;1950;30
Wynajem mieszkania we Wrocławiu;Stare Miasto;3000;37
Luxury Apartment | First Tenant | Closed Estate | 97m;Śródmieście;8500;97
Dwupokojowe mieszkanie, Śródmieście ul. Reja;Śródmieście;2600;32
Dwupokojowe mieszkanie, Śródmieście ul. Sępa-Szarzyńskiego;Śródmieście;2600;32
Mieszkanie dwupokojowe centrum Nadodrze;Stare Miasto;2750;40
Mieszkanie 2 pokojowe do wynajęcia - Smolec;Fabryczna;2500;39.32
wynajmę mieszkanie 2 pokojowe,47m2, z balkonem ,we Wrocławiu,Kozanów;Fabryczna;2300;62
M 36 m2 2 pok 3000 PLN Zielna Psie Pole;Psie Pole;3000;36
Duże mieszkanie*3pok*Balzaka*Oporów*Od zaraz*;Krzyki;3800;67
Wynajem mieszkania;Stare Miasto;1900;38
Wynajmę mieszkanie 3 pokojowe;Krzyki;4000;64
do wynajęcia Browar Piastowski Loft 3p z ogródkiem   i garażem;Śródmieście;5000;60
Kawalerka na Walońskiej / Angel River - najem do maja;Krzyki;2800;25
Apartament Grey’a na wynajem długoterminowy;Stare Miasto;5500;50
wynajem mieszkania ul. Ślężna, Wrocław;Krzyki;1900;45
Kawalwerka na Kozanowie ZAREZERWOWANE;Fabryczna;2000;27
Traugutta/Walońska 2 oddzielne sypialnie+kuchnia;Śródmieście;4000;44
Kawalerka rezerwacja do 08.09 proszę nie dzwonić i pisać;Stare Miasto;2500;25
Fajne mieszkanie na Szczepinie, bez pośredników;Stare Miasto;3000;52
W pełni rozkładowe 2 pokoje Wieczysta;Krzyki;3000;44
2 pokoje Nowa Manufaktura Kościuszki NOWE;Stare Miasto;3400;38
Atrakcyjne 2 pokoje w centrum przy Renomie;Stare Miasto;2600;47
2 pokoje, kuchnia, wejście przez ogród, bez opłat;Psie Pole;2500;38
Mieszkanie wynajem ul. Kłodnicka, boczna Kwiskiej, Wrocław;Fabryczna;3000;37
Dwupokojowe mieszkanie z klimatyzacją i balkonem, Jagodno ul. Buforowa;Krzyki;3000;37
2 pokoje, Most Pokoju, ogrzewanie miejskie, piękny widok, centrum;Stare Miasto;2600;58
Mieszkanie do wynajecia ul.Mosiężna;Stare Miasto;3500;52
Mieszkanie Jagodno Wynajem 2 pokoje  Internet Media;Krzyki;2300;37
Do wynajęcia 2 pokojowe mieszkanie w kamienicy na Nadodrzu (56m2);Stare Miasto;3300;56
Mieszkanie z widokiem na Odrę.;Psie Pole;4700;49.84
Mieszkanie z widokiem na Odrę.;Stare Miasto;4700;49.84
Mieszkanie do wynajęcia;Stare Miasto;3000;43
Apartament, ul. Biskupia, bardzo blisko rynku.;Stare Miasto;3000;48
Kawalerka z balkonem Apartamenty Strzegomska;Fabryczna;2000;35
Wynajmę mieszkanie;Fabryczna;3000;55
Wynajmę mieszkanie przy Wroclavii, 2 osobne pokoje 42m2;Stare Miasto;3500;42
Wynajmę bardzo ładna kawalerkę, Brodatego Wrocław;Śródmieście;2100;30
Walońska 7 / Angel River/ ogródek - do maja;Krzyki;3200;52
Kawalerka Apartament  Pułaskiego Wrocław Centrum PKP Rynek Grunwald;Stare Miasto;2200;19
Mieszkanie na wynajem, Swojczyce Murowana, 37m2, dwa pokoje,umeblowane;Psie Pole;2200;37
Mieszkanie dwupokojowe Krzyki;Fabryczna;2600;59
Mieszkanie 3-pokojowe/61 m/ ul. Iwaszkiewicza/ Wojszyce;Krzyki;3500;61
1 pokój 35 m2 Klecina osobna kuchnia REZERWACJA;Krzyki;2200;35
Mieszkanie Stabłowice - Główna, 2 pokojowe, 2 poziomowe;Fabryczna;3200;54.20
Do wynajęcia nowe 2-pok. w ok.Gagarina;Fabryczna;3000;42
Kawalerka do wynajęcia - Wrocław ul. Slubicka (boczna Legnickiej);Stare Miasto;1700;25
ŚLĘŻNA - 2 pokoje - GARAŻ - BALKON - Klima / KRZYKI;Krzyki;3600;53
RYNEK - 2 pokoje - TARAS - KLIMA - Garaż / STARE MIASTO;Stare Miasto;3600;48
Przytulna kawalerka 30m2 Biskupin Centrum Wrocław;Śródmieście;1800;30
kawalerka ul. Rogowska /Nowy Dwór;Fabryczna;2000;25.50
Mieszkanie 2pok,klimatyzacja,miejsce postojowe,Port Popowice;Stare Miasto;3000;41
Kawalerka, okolice Rynek CO+CW miejskie, 2400zł opłaty wliczone;Stare Miasto;2400;18
Mieszkanie 56m2 Nowowiejska Wrocław;Śródmieście;2700;56
Śliczna kawalerka z tarasem na Muchoborze Wielkim + garaż od 10.09;Fabryczna;2500;27
Mieszkanie na wynajem, osiedle Złotniki Opróczynska;Fabryczna;2500;38
Kawalerka do wynajęcia w centrum Wrocławia;Stare Miasto;2600;37
Przytulne mieszkanko na wrocławskim Biskupinie;Śródmieście;2000;51
3-pokojowe mieszkanie na Gaju róg (Orzechowa i Krynicka);Krzyki;3700;61
Mieszkanie 30m2 od października, (proszę dzwonić po 12.09.) ul. Piękna;Krzyki;2500;30
Elegancki apartament - Borek;Fabryczna;3200;42
Kawalerka Wrocław Fabryczna Muchobór;Fabryczna;2800;32
[WSTRZYMANE] Mieszkanie trzypokojowe Jednosci Narodowej;Śródmieście;4000;60
WYJĄTKOWY LOFT 100 m2* Taras na dachu* OD 15.09;Fabryczna;3700;100
Mikrokawalerka Głogowska/ obok Legnickiej;Fabryczna;1900;16
Mieszkanie krzyki- partynice tarasem- zarezerwowane;Krzyki;2900;46
Mieszkanie na wynajem 2p 42m2 Wrocław Krzyki Gaj;Krzyki;2800;42
wynajmę mieszkanie - 2 pokoje, 55 m2, Nadodrze;Wrocław;3000;55
Plac Grunwaldzki mieszkanie 3 pok.do wynajęcia;Śródmieście;3400;64
Komfortowa kawalerka30m2, od października;Psie Pole;2600;30
mieszkanie do wynajęcia;Śródmieście;3600;61
Mieszkanie 2 pokojowe na wynajem;Fabryczna;2500;48
2 pokoje, Idzikowskiego (Gądów Mały), od zaraz, z podziemnym garażem;Fabryczna;3500;50
Mieszkanie do wynajęcia Psie Pole ul Mulicka;Psie Pole;2600;44
NowaPapiernia(Krzyki),40m2,balkon,garaż,meble,2016;Krzyki;3000;40
Dwupokojowe mieszkanie ul.smardzowska;Krzyki;2400;52
Do wynajęcia 2 pokojowe mieszkanie w kamienicy na Nadodrzu (56m2);Stare Miasto;3300;56
Wynajmę mieszkanie przy Wroclavii, 2 osobne pokoje 42m2;Stare Miasto;3500;42
Mieszkanie na Nadodrzu od 01.10;Stare Miasto;3200;39
Mieszkanie na wynajem;Śródmieście;4000;43
Nowe mieszkanie dwupokojowe, idealne dla pary.;Śródmieście;3200;43
WYNAJMĘ Mieszkanie Jagodno KONDUKTORSKA/Buforowaod 8 SIEPRNIA WOLNE!!!;Krzyki;2800;40
Wynajmę nowe mieszkanie 2 pokojowe w centrum.;Stare Miasto;3600;38
1 pokój 35 m2 Klecina osobna kuchnia REZERWACJA;Krzyki;2200;35
Wynajem, zaraz przy Rynku, 100 m2, 2 duże osobne pokoje, rozkład.;Stare Miasto;3500;100
Okazja Mieszkanie 2 pok rozkład bezczynszowe !!!;Stare Miasto;3050;45
Blisko Uniw. Ekonom. i Medyczn WYNAJMĘ 2-pok mieszkanie STUDENTOM/TKOM;Krzyki;2490;39
GAJ - mieszkanie do wynajęcia;Krzyki;3000;37.50
Dwupokojowe mieszkanie, Śródmieście/Ołbin ul. Daszyńskiego;Śródmieście;2900;35
Wynajmę mieszkanie 40m2, ul.Graniczna, ogródek;Fabryczna;3000;40
Obornicka/ 2 pok / balkon/ wysoki standard;Psie Pole;3100;46
GAJ - mieszkanie do wynajęcia;Krzyki;3000;37.50
Mieszkanie z wysokim standardem;Psie Pole;2400;45
Atrakcyjne mieszkanie w centrum Wrocławia;Stare Miasto;2800;37
Mieszkanie na wynajem na Muchoborze Małym;Fabryczna;2900;50
Od października | Przytulna kawalerka, Śródmieście, niskie opłaty!;Stare Miasto;2300;20
Mieszkanie 4 pokojowe Ul.Prądzyńskiego 10 od 1.9.22 Centrum;Śródmieście;3300;72
wynajmę dużą kawalerkę z antresolą bezpośrednio;Śródmieście;2800;32.50
pierwszy najem Nowy Grabiszyn, 68m2, trzy pokoje;Fabryczna;4500;68
Wynajmę kawalerkę, Wrocław, ul. Mosiężna;Fabryczna;1900;30
Dwupokojowe mieszkanie z klimatyzacją i balkonem, Jagodno ul. Buforowa;Krzyki;3000;37
Jagodno, ul. Drabika, 2 pok. 40m + balkon, PIERWSZY NAJEM;Krzyki;2800;40
Mieszkanie 2-pokojowe / Krzyki, al. Jarzębinowa / bez pośredników;Krzyki;2900;39
Mieszkanie 46m z ogródkiem Wrocław ul. Rybnicka (osiedle zamknięte);Krzyki;3000;46
Kawalerka/mieszkanie w centrum Wrocławia z balkonem na wynajem;Krzyki;2600;38
2pok. 50m2 ul. Ślężna tuz przy parku - od zaraz;Krzyki;3600;50
Mieszkanie studenckie - Plac Grunwaldzki;Śródmieście;4000;64
Mieszkanie 2-pok na wynajem, Zakrzów;Psie Pole;2700;48
Kawalerka 34 m2 ul. Odrzańska, 100m od Rynku - REZERWACJA do 7.09.;Stare Miasto;1900;34
Wynajmę mieszkanie trzypokojowe 59,5 m2 plus garaż;Fabryczna;3200;59.50
Mieszkanie 2-pokojowe, Wrocław Krzyki, ul. Opolska, Księże Wielkie;Krzyki;3000;42
Wynajmę mieszkanie, ul.Drukarska, Krzyki;Krzyki;3000;41.50
Kawalerka 700m od pl. Bema ( Roosevelta / Słowiańska / Jedności );Śródmieście;2400;17
Mieszkanie do wynajęcia;Śródmieście;2500;32
Nowe mieszkanie dwupokojowe, idealne dla pary.;Śródmieście;3200;43
Mieszkanie 2pok,klimatyzacja,miejsce postojowe,Port Popowice;Stare Miasto;3000;41
Walońska 7 / Angel River/ ogródek - do maja;Krzyki;3200;52
Plac Grunwaldzki/Łukasiewicza/rozkład z klimatem;Śródmieście;4000;77
Mieszkanie dwupokojowe wynajem Wrocław Ołbin;Śródmieście;2500;63
Mieszkanie Wrocław ul. Szczepińska centrum od Października 42'';Stare Miasto;2500;42
mieszkanie duża kawalerka blisko centrum ul. Zgodna;Stare Miasto;2500;40
Mieszkanie 3 pokoje na wynajem;Psie Pole;3200;60
Mieszkanie dwupokojowe ul. Noskowskiego w domku jednorodzinnym;Śródmieście;2000;35
Mieszkanie 2 pokojowe we Wrocławiu , ul. Głubczycka;Fabryczna;2800;40
Kawalerka jednoosobowa typu studio z tarasem ul. Kordiana Psie-Pole;Psie Pole;2040;20
2 pokoje centrum, rynek prestiżowa lokalizacja Gwiaździsta-od 01.10;Stare Miasto;2900;40
Mieszkanie, 100 m², Wrocław;Krzyki;6000;100
Mieszkanie 3 pokojowe koło placu Bema, 15 minut od Rynku;Śródmieście;4000;60
kawalerka z balkonem centrum;Stare Miasto;2000;30
Kawalerka na Walońskiej / Angel River - najem do maja;Krzyki;2800;25
Mieszkanie 2-pokojowe do wynajęcia;Krzyki;3100;56
Cozy apartment in the heart of Wroclaw;Stare Miasto;4600;52
Kawalerka-Agat ul.Rogowska 129a;Fabryczna;2200;22
Słoneczne mieszkanie ul. Jedności Narodowej, 37m2, 4 piętro;Stare Miasto;3000;37
Mieszkanie w centrum Wrocławia obok Uniwersytetu Ekonomicznego;Psie Pole;3000;35
3-Pok ul.Borowska/Kamienna UE/UM AquaPark PKP PKS Wrocław;Krzyki;3299;55
Mieszkanie dwupokojowe Saska Kępa Warszawa;Stare Miasto;3200;56
Mieszkanie do wynajęcia Sołtysowice Przejazdowa;Psie Pole;3000;54
Mieszkanie w centrum okolice Aquaparku z miejscem;Krzyki;3000;47
2 pokoje, Most Pokoju, ogrzewanie miejskie, piękny widok, centrum;Stare Miasto;2600;58
2 pokoje centrum, rynek prestiżowa lokalizacja Gwiaździsta-od 01.10;Stare Miasto;2900;40
Mieszkanie Nowa Papiernia LOFTY;Śródmieście;4900;48
Legnicka/Zielonogórska, blisko Rynku, 4 pokoje, rozkładowe, balkon!;Stare Miasto;3800;84
Do wynajęcia dwupoziomowe, 4 pokojowe mieszkanie 92m² z m. postojowym;Krzyki;5000;92
wynajmę 2 pok. mieszkanie na Krzykach, d. skomunikowane/ zarezerwowane;Krzyki;3200;57
Mieszkanie dla pracownikow;Psie Pole;3800;220
Pokój z balkonem na wynajem (dla STUDENTEK) ul. Gajowicka Wrocław;Krzyki;700;43
Mieszkanie 2 pok z pięknym widokiem przy Sky Tower;Stare Miasto;3200;52
70m2 Kuźniki,cicha okolica,las,wysoki standard;Fabryczna;4200;68
Mieszkanie 2 pokojewe 50m2 do wynajęcia - Port popowice;Stare Miasto;3500;50
MIESZKANIE / KAWALERKA * ul. Godlewskiego * Muchobór Wielki;Fabryczna;2500;30
Bezpośrednio wynajmę piękne mieszkanie LEGNICKA 59A, od 01.10.;Stare Miasto;2500;27
Dwupokojowe mieszkanie, Śródmieście ul. Sępa-Szarzyńskiego;Śródmieście;2600;32
Apartament Grey’a na wynajem długoterminowy;Stare Miasto;5500;50
mieszkanie do wynajęcia blisko rynku;Krzyki;3000;47
Mini kawalerka służebność;Krzyki;50000;30
Wynajem mieszkania;Krzyki;3200;50.10
jasne, przestronne 2-pokojowe mieszkanie do wynajęcia;Stare Miasto;2950;46
Pierwszy wynajem. Kawalerka.;Śródmieście;3000;26.80
Wynajmę dwa pokoje;Psie Pole;2500;30
Biskupin- mieszkanie 3 pok. dla studentek-blisko Pl.Grunwaldzkiego;Śródmieście;3900;59.99
2-pokojowe mieszkanie, 5 min do Rynku, od 05.09.22;Stare Miasto;2800;37
Pokój dla studentki ,Wrocław ul.Hubska;Krzyki;1100;55
boczna Grabiszyńskiej, osobne 3 pokoje, media miejskie;Fabryczna;2800;45
Prestiżowe,jak nowe, o wysokim standardzie Wrocław;Psie Pole;2700;50
Blisko Uniw. Ekonom. i Medyczn WYNAJMĘ 2-pok mieszkanie STUDENTOM/TKOM;Krzyki;2490;39
WYJĄTKOWY LOFT 100 m2* Taras na dachu* OD 15.09;Fabryczna;3700;100
Nowoczesne, w pełni wyposażone mieszkanie blisko cetrum;Krzyki;2900;45
Jagodno》2 pokoje》balkon》winda》siłownia》Krzyki;Krzyki;2700;36
Kromera 2 pokoje do wynajęcia;Psie Pole;2600;55
Apartament W SAMYM SERCU Wrocławia 200m od Rynku ul.Wita Stwosza;Stare Miasto;3900;40
Mieszkanie dwupokojowe 60m Nadodrze;Stare Miasto;2500;60
Blisko Sky Tower, 33m2, Wroclaw;Stare Miasto;3300;33
Wynajmę nowe w pełni umeblowane 2 pokojowe mieszkanie z garażem;Krzyki;4000;51
Mieszkanie 2-pok., klimatyzacja, Rynek;Stare Miasto;2900;50
POELZIGA/ 46m2 / 2 pok/ garaż +komórka /REZERWACJA;Krzyki;3200;46
Nowe mieszkanie z jedna sypialnia 1-wszy najem, Fakt VAT 8%;Krzyki;3500;39
Komfortowe mieszkanie do wynajecia, Gądów Mały;Fabryczna;3000;52
Mieszkanie 2-pokojowe / Krzyki, al. Jarzębinowa / bez pośredników;Krzyki;2900;39
Komfortowa kawalerka30m2, od października;Psie Pole;2600;30
Wynajmę bardzo ładna kawalerkę, Brodatego Wrocław;Śródmieście;2100;30
Mieszkanie w samym centrum.;Stare Miasto;3500;60
Kawalerka||Najem okazjonalny||;Psie Pole;1700;22.50
Do wynajęcia 35mk. 2 pokoje+garaż, umeblowane gotowe;Fabryczna;2800;35
Wrocław / Stare Miasto / Rynek / 3 pokoje / 1 p.;Wrocław;3500;55.50
2 pokoje z balkonem i piwnicą w Centrum Wrocławia! Internet w cenie!;Fabryczna;2900;42
Mieszkanie na wynajem Olimpia Port;Psie Pole;3800;51
Apartament, Gwiaździsta / Powstańców Śl., CENTRUM;Stare Miasto;2950;34
Wynajmę mieszkanie 3 pokojowe Wrocław Grabiszyńska;Fabryczna;3100;63
Kawalerka do wynajęcia - Biskupin Wrocław;Śródmieście;2100;37
Mieszkanie  Strefa LG -ul.Przyjażni, Wrocław;Krzyki;5600;85
Mieszkanie 2 pokoje - ul. Jesionowa 47 Wrocław Krzyki;Krzyki;3000;44
Mikrokawalerka Głogowska/ obok Legnickiej;Fabryczna;1900;16
Mieszkanie  na wynajem, Wrocław , Krzyki;Krzyki;3500;57
Nowy Apartament 2- pokojowy wysoki standard ul. Gwiaździsta;Stare Miasto;3500;44.59
Kawalerka Port Popowice pierwszy najem;Fabryczna;3500;30
Mam do wynajęcia piękne mieszkanie, 2 pokoje, 55 m2, Nadodrze;Psie Pole;3000;55
Kawalerka do wynajęcia;Stare Miasto;3000;36
Do Wynajęcia Mieszkanie (49m2) Pętla Kromera;Psie Pole;3500;49
Kamienna | BLISKO UE | Nowe budownictwo!;Krzyki;2900;46
Dwupokojowe mieszkanie przy ulicy Kamiennej;Krzyki;2700;38
Mieszkanie dwupokojowe do wynajęcia od zaraz - NIEAKTUALNE.;Stare Miasto;3500;53
Wrocław Śródmieście Daszyńskiego 68m 3 pokoje 2900zł;Śródmieście;2900;68
mieszkanie do wynajęcia;Śródmieście;3600;61
Blisko Uniw. Ekonom. i Medyczn WYNAJMĘ 2-pok mieszkanie STUDENTOM/TKOM;Krzyki;2490;39
Kawalerka przy Magnolii 20 m2;Fabryczna;2050;20
2 pokoje/Muchobór Mały/Rezerwacja;Fabryczna;2300;35
Budziszyńska, super komfortowa kawalerka, balkon;Fabryczna;2000;30
miejsce w garażu podziemnym  Nadodrze ul Kręta 21-23;Śródmieście;200;26
2 pokojowe mieszkanie do wynajęcia od października;Krzyki;3500;42
Pokój jednoosobowy ok. Grunwaldzka/Regana/uczelnie;Śródmieście;1300;9
Wynajmę mieszkanie 2600 Wrocław boczna Grabiszyńskiej wolne od paździe;Fabryczna;2600;48
Mieszkanie do wynajęcia Wrocław Krzyki;Krzyki;3400;50
Centrum* 2 Pokoje*Ul.Traugutta*Umeblowane;Krzyki;3100;52
4 pok | Klimatyzacja | WIS | PL/ENG;Krzyki;10499;107
2 pok | Centrum | Wolne od zaraz;Stare Miasto;4000;60
Okazja Apartament z widokiem na południe miasta 16 Piętro ATAL TOWERS;Stare Miasto;5200;48
Kawalerka w centum miasta (Kościuszki/Świstackiego);Śródmieście;2500;30
Mieszkanie 2-pokojowe / Krzyki, al. Jarzębinowa / bez pośredników;Krzyki;2900;39
"Do wynajęcia 3-pokojowe mieszkanie! 
OD ZARAZ!";Krzyki;4500;65
3-pokojowe mieszkanie od zaraz Piękna;Krzyki;4500;50
Popowicka/3 pokoje+kuchnia/ 55m2/ wolne!/ centrum;Stare Miasto;3500;55
Mieszkanie 120 metrów / AC / Miejsce Parkingowe;Śródmieście;7000;120
Kawalerka na Walońskiej / Angel River - najem do maja;Krzyki;2800;25
Mieszkanie 2-pok | Ogród| Małopanewska;Fabryczna;2750;30
70 metrów 3 pokoje od zaraz Warsztatowa 9 piętro domu jednorodzinnego;Krzyki;3500;70
u. Tetralna_CENTRUM_od 15.09.;Fabryczna;2200;37
*obok Rynku*dla studenta*Worcella*4 pokoje*max 8 osób*;Stare Miasto;6600;72
Studio z balkonem w Angel City Walońska Traugutta;Wrocław;3800;30
Mieszczańska 46, wolne od 15 września  - można ze zwierzętami;Stare Miasto;3000;44
Mieszkanie 2pok,klimatyzacja,miejsce postojowe,Port Popowice;Stare Miasto;3000;41
Kawalerka na Krzykach;Krzyki;1950;30
Nowe 2015, klimatyzacja, garaż, komórka, taras.;Krzyki;3000;50
Studio z balkonem z widokiem na ogród w Angel City Walońska Traugutta;Krzyki;3800;30
2 pokojowe, 50 m, Szybowcowa, Gądów Mały;Fabryczna;3000;50
Wynajmę mieszkanie przy ul. Hubskiej - okolice skrzyżowania z Glinianą;Krzyki;3200;51
2 pokojowe mieszkanie z ogrudkiem Ogrody Hallera;Fabryczna;2500;40
Mieszkanie - Wrocław Psie Pole;Psie Pole;2100;32
Dwupokojowe mieszkanie  -ul. Tęczowej - Stare Miasto;Stare Miasto;2600;37
Kawalerka | Od 01.10 | Jagodno;Krzyki;2200;25
CENTRUM / KLIMATYZACJA / 3200 zł z opłatami;Stare Miasto;2400;31
Kawalerka przy Dworcu Głównym - po remoncie;Stare Miasto;2950;32
Wynajmę bardzo ładna kawalerkę, Brodatego Wrocław;Śródmieście;2100;30
Mieszkanie 2 pokojowe na wynajem Gliniana [REZERWACJA do 07.09.];Krzyki;2600;47
Wrocław - Bezpośrednio, 76m dla 4 studentów;Fabryczna;3000;76
Kawalerka przy Dworcu Głównym - po remoncie;Stare Miasto;2950;32
Mieszkanie 3 pokojowe koło placu Bema Śródmieście;Śródmieście;4000;60
Kawalerka W centrum Wrocławia bez pośredników;Śródmieście;2200;30
Dwupokojowe mieszkanie do wynajęcia przy ul. Stalowej.;Stare Miasto;1800;40
Mieszkanie Wrocław Tarnogaj 56m, 2 pokoje!;Krzyki;3300;56
4 Pokoje / Taras / Parking /Centrum;Krzyki;8700;97
wynajmę od 01.09 /2 pok/ centrum/;Krzyki;3000;50
Komfortowe mieszkanie z tarasem i miejscem postojowym;Krzyki;2500;28
Mieszkanie dwupokojowe 50m  na wynajem GAJ Wrocław - klimatyzacja;Krzyki;2800;50
do wynajęcia 2 pokojowe mieszkanie z balkonem, we Wroclawiu, Kozanów.;Fabryczna;2300;36
Dwupokojowe mieszkanie, Śródmieście ul. Sępa-Szarzyńskiego;Śródmieście;2600;32
Mieszkanie do wynajęcia Psie Pole ul Mulicka;Psie Pole;2600;44
Mieszkanie krzyki- partynice tarasem- zarezerwowane;Krzyki;2900;46
Wynajmę mieszkanie 48m, garaż, ogródek;Psie Pole;3200;48
Mieszkanie 2-pokojowe Krzyki ul. Piękna;Krzyki;3500;37
Do wynajecia kawalerka;Stare Miasto;3100;35
Luksusowe 80mkw, Wrocław, Muchobór Wielki;Fabryczna;4300;80
2 pok + jasna kuchnia [51m2], parking, kameralne osiedle;Fabryczna;3300;51
Sienkiewicza, 2 pokoje, 43 m2, duży balkon, garaż;Śródmieście;3250;43
GISERSKA, 2 pokoje, 37 m2, miejsce postojowe, NOWE;Krzyki;3000;37
WROŃSKIEGO, pl. Grunwaldzki, 51m2, 2 osobne pokoje + kuchnia;Śródmieście;2800;51
Mieszkanie 2 pokoje, Klecina, idealne dla pary, miejsce postojowe;Krzyki;2700;44
Luksusowy apartament w centrum;Stare Miasto;3400;28
2 pokoje, Most Pokoju, ogrzewanie miejskie, piękny widok, centrum;Stare Miasto;2600;58
mieszkanie do wynajęcia blisko rynku;Krzyki;3000;47
OKAZJA _ODRA HOUSE _ z klubem Fitness i GARAŻEM;Stare Miasto;3100;55
Duże mieszkanie(3 pokoje) Wrocław, ul. B.Prusa–idealne dla studentów!;Śródmieście;5000;100
Kawalerka przy Magnolii 19m2;Wrocław;2100;19
Duża kawalerka na Muchoborze Wielkim;Fabryczna;2800;32
Sienkiewicza 2-pokoje, Tumskie Ogrody 2;Śródmieście;3200;44
Mieszkanie na wynajem Ul. Słubicka;Stare Miasto;3300;38
Do wynajęcia przestronne mieszkanie dla studentów.;Krzyki;2999;50
Wynajmę mieszkanie 42m2 Wrocław-Bajana 2200 miesięcznie;Fabryczna;2200;42
Mieszkanie 2 pokojowe;Fabryczna;2400;35
2 pok. ul. Przestrzenna, ok. Aquaparku, Umeblowane, Balkon, Od Zaraz;Krzyki;2800;46.25
Apartament do wynajęcia, 117 m – Krzyki/Borek !!!;Krzyki;8500;117
WYJĄTKOWY LOFT 100 m2* Taras na dachu* OD 15.09;Fabryczna;3700;100
Dwupokojowe mieszkanie, Śródmieście ul. Reja;Śródmieście;2600;32
wynajmę 2 pokojowe mieszkanie Wrocław krzyki;Krzyki;2500;50
Wynajmę mieszkanie 40m2, ul.Graniczna, ogródek;Fabryczna;3000;40
Kromera ładna  zielona okolica;Psie Pole;2600;55
Pierwszy Najem 2 pokojowe Balkon Parking Angel Walońska;Śródmieście;3999;42.50
Igielna-Rynek, mieszkanie 75 metrów;Stare Miasto;3500;75
Mieszkanie do wynajęcia;Psie Pole;3000;33
Wynajmę mieszkanie 2 pokoje. Ul. Obornicka;Fabryczna;2850;40
3-pokojowe mieszkanie z miejscem postojowym i balkonem;Psie Pole;3500;53
Kawalerka w centrum;Śródmieście;2200;30
Idealne dla pary, z klimatyzacją, 2-pokoje, ul. Niedźwiedzia;Stare Miasto;3000;42
REZERWACJA->Gorlicka 64, Psie Pole, 2 pokoje, 52m., 0% PROWIZJI;Psie Pole;2100;52
3 pok. + m.postojowe, Wrocław Żmudzka;Psie Pole;3600;62.20
Jagodno, ul. Drabika, 2 pok. 40m + balkon, PIERWSZY NAJEM;Krzyki;2800;40
2 Pokoje, Klimatyzacja, Garaż, Tarnogaj, Dostępne od zaraz;Krzyki;2900;45
"Krzyki- Borek, przy parku, 44m2, balkon, garaż, komórka; 3300zł";Krzyki;3300;44
ZAREZERWOWANE - kawalerka, Wrocław, Jaworowa;Krzyki;2000;20
Do wynajęcia 2 pokojowe mieszkanie w kamienicy na;Wrocław;3300;56
Wynajmę 3-pokojowe komfortowe mieszkanie Wrocław Krzyki;Krzyki;3500;70
Nowe mieszkanie na wynajem, wysoki standard, 2 pok, Angel City;Krzyki;5000;48
REZERWACJA Wynajmę 2-pokojowe z balkonem Krzyki Śliczna/Borowska;Krzyki;2300;52
Wynajmę 3-pokojowe mieszkanie Wrocław Krzyki;Krzyki;3500;70
Kawalerka 32m2 -ulica Legnicka/pl. Jana Pawła II -od 4.09.;Stare Miasto;2700;30
NA JUZ WYNAJME mieszkanie 2 pokoje , 58m2;Stare Miasto;3400;58
Mieszkanie 3 pokojowe ul nowowiejska 62 mkw;Śródmieście;3799;62
Obornicka/ 2 pok / balkon/ wysoki standard;Psie Pole;3100;46
Apartamenty Wrocław wynajem długoterminowy;Śródmieście;2500;25
Mikrokawalerka Głogowska/ obok Legnickiej;Fabryczna;1900;16
Nowoczesna Kawalerka na wynajem w centrum Wrocławia (ul. Borowska);Krzyki;2500;26
Wynajem mieszkania dwupokojowego na al. Kromera;Psie Pole;3500;31.60
Mieszkanie, 53 m², Wrocław;Stare Miasto;3000;53
ul. Wichrowa Krzyki 2021 r. z miejscem postojowym;Krzyki;2800;40
Piękne mieszkanie przy Parku Południowym / Sokola;Krzyki;5000;80
Mieszkanie, 40 m², Wrocław;Śródmieście;2900;40
ul. Brzoskwiniowa  2021 rok z miejscem postojowym;Krzyki;3200;40
Mieszkanie na RYNKU do 8 osób Samo Centrum;Stare Miasto;2490;68
2 pokoje, ul. Zwycięska 20, dla singla lub pary garaż, balkon, komórka;Krzyki;3500;62
Zupełnie nowe / 2 pokojowe / Bezpośrednio;Wrocław;3200;33
Mieszkanie 3 pokojowe koło placu Bema, 15 minut od Rynku;Śródmieście;4000;60
wynajmę 2 pokojowe mieszkanie Wrocław krzyki;Krzyki;2500;50
Kawalerka-Agat ul.Rogowska 129a;Fabryczna;2200;22
Kawalerka | centrum | z miejscem postojowym;Stare Miasto;2500;27
97 metrów 700 metrow od rynku.;Śródmieście;4999;97
Nowe 3-pokoje, Gwiaździsta 14 piętro z widokiem;Krzyki;4000;56.12
Kawalerka w rynku;Stare Miasto;3000;24
Mieszkanie do wynajęcia, Wrocław- Stare Miasto;Stare Miasto;2900;47
Kawalerka 34m/2 pl. Muzealny Centrum;Stare Miasto;2600;34
Kawalerka Psie Pole Bierutowska klimatyzacja od 1.10;Stare Miasto;2300;26
NOWE 2-pokojowe mieszkanie w centrum + MIEJSCE POSTOJOWE;Śródmieście;3900;40
! Rewelacyjny widok ! Zamknięte osiedle ! Duża Garderoba [PL/EN/UA];Krzyki;3200;62
Kuźniki, trzypokojowe, 52mkw całosć 3000zł;Fabryczna;2400;52
Wynajmę mieszkanie przy Wroclavii, 2 osobne pokoje 42m2;Stare Miasto;3500;42
Dwupokojowe mieszkanie, Śródmieście/Ołbin ul. Daszyńskiego;Śródmieście;2900;35
do wynajęcia Browar Piastowski Loft 3p z ogródkiem   i garażem;Śródmieście;5000;60
Balkon-Parking-Żerniki-Maślice-Pilczyce-Fabrczna-N;Fabryczna;3200;48
nowe dwupokojowe mieszkanie z klimatyzacją (Tęczowa 29A);Stare Miasto;3000;42
2 pokoje z ogródkiem, ul. Hallera, wolne pod 1 października;Krzyki;3000;40
Dwa pokoje z widokiem na rzekę-Miasto Marina fv8%;Krzyki;3450;49
Studio w Angel River z miejscem postojowym GYM&SPA;Stare Miasto;2800;26
Wynajme mieszkanie na Muchoborze Malym najchetniej studentom;Fabryczna;2000;53.70
Kawalerka Plac Grunwaldzki, 5 min na Politechnikę Wrocławską, od 05.09;Śródmieście;2600;37
Wynajmę mieszkanie Wrocław Hłaski;Wrocław;2500;42
Wrocław Rynek 2 pokoje;Stare Miasto;3200;53
Nowy Apartament Gwiaździsta przy Sky Tower 1 Najem;Krzyki;5800;54.50
Centrum, 38m2, taras 70m2;Stare Miasto;4500;38
Mieszkanie 2-pokojowe / Krzyki, al. Jarzębinowa / bez pośredników;Krzyki;2900;39
2 pokoje, Most Pokoju, ogrzewanie miejskie, piękny widok, centrum;Stare Miasto;2600;58
Mieszkanie 2 pok 55m2 z tarasem Wrocław Gądów ul. Bajana bezpośrednio;Fabryczna;3250;55
POPOWICE - 3 OSOBNE pokoje - BALKON / Fabryczna;Fabryczna;4500;54
Salon z aneksem | Balkon | Garaż | Olimpia Port;Psie Pole;3000;51
Mieszkanie do wynajęcia w  centrum miasta;Krzyki;2700;37
Mieszkanie Fabryczna 2 pokoje 49 m2;Fabryczna;2500;49
Wynajmę mieszkanie, ul. Drukarska , Krzyki;Krzyki;3000;41.50
Wynajmę mieszkanie 3 pokojowe we Wrocławiu;Fabryczna;3000;56
Wolne od zaraz mieszkanie z widokiem na Dworzec Główny PKP;Stare Miasto;4500;73
Stare Miasto - 2 pokoje - BALKON - GARAŻ - RYNEK;Stare Miasto;5000;55
mieszkanie do wynajęcia;Krzyki;3000;47
Do wynajęcia 2 pokojowe mieszkanie w kamienicy na Nadodrzu (56m2);Stare Miasto;3300;56
Kawalerka 34m/2 pl. Muzealny Centrum;Stare Miasto;2600;34
1 pokój 35 m2 Klecina osobna kuchnia REZERWACJA;Krzyki;2200;35
Apartament 2-pokojowy ul. Księcia Witolda - bez pośredników;Stare Miasto;4500;42
Mieszkanie 50 M2 Jagodno;Krzyki;3000;50
Mieszkanie na wynajem;Śródmieście;2700;50
wynajmę 2 pokojowe mieszkanie Wrocław krzyki;Krzyki;2500;50
blisko AOW NOWE Objazdowa ogródek, garaż w cenie;Fabryczna;4000;45
Lothara Herbsta | 3pok | Duży balkon | 63mkw;Psie Pole;3500;62.50
Mieszkanie do wynajęcia ul.Głowna Stabłowice Wrocław;Fabryczna;3000;48.40
Wygodne mieszkanie na Wojszycach;Krzyki;2600;40.55
2 pokojowe mieszkanie na  osiedlu przy ul. Wojaczka do wynajęcia;Psie Pole;2900;40
Mieszkanie Śródmieście - 2 pokojowe, od zaraz LUX;Śródmieście;3000;47.47
Słoneczna kawalerka z balkonem przy pl. Grunwaldzkim - wysoki standard;Śródmieście;2000;25
Piękna kawalerka/ Zakładowa/ Rychtalska/Miejsce postojowe;Fabryczna;2300;30
do wynajęcia Browar Piastowski Loft 3p z ogródkiem   i garażem;Śródmieście;5000;60
Wygodne | 2 pokoje| Osobna kuchnia| Balkon | Garaż;Fabryczna;3300;48.40
Komfort 2 pokoje rozkład 50m/Kromera/do 4 osób;Psie Pole;2800;50
Luksusowy apartament z garażem w centrum Wrocławia;Fabryczna;3400;41
wysoki standard - Rynek - osobna kuchnia;Stare Miasto;4000;56
mieszkanie 2 pokojowe 63mkw nowe ul. Przesmyckiego;Psie Pole;3500;63
Trzypokojowe mieszkanie/Klimasa/Di Trevi;Krzyki;3500;61.29
Mieszczańska 46, wolne od 15 września  - można ze zwierzętami;Stare Miasto;3000;44
Wynajem na dowolny okres, BEZ KAUCJI, Parking, SPA;Krzyki;5500;32
Аренда квартир в центре, без депозита, на месяц;Krzyki;5500;32
AMAZING STUDIO | All included| SPA&GYM | Parking;Krzyki;5500;50
Komfortowa kawalerka30m2, od października;Psie Pole;2600;30
Mieszkanie Nowa Papiernia LOFTY;Śródmieście;4900;48
Mieszkanie 3 pokojowe koło placu Bema, 15 minut od Rynku;Śródmieście;4000;60
Nowe mieszkanie 3 pokojowe .Wysoki standard .;Psie Pole;4500;64
Wynajmę 2-pokojowe mieszkanie;Krzyki;3500;52
2-pok | Balkon | Od zaraz | Jagodno;Krzyki;3200;54
Dwupokojowe mieszkanie, 5 min do Rynku, od 05.09.2022r.;Stare Miasto;2800;37
NOWE MIESZKANIE Wrocław Swojczyce;Psie Pole;2650;30.37
Nowoczesne2-pokojowe mieszkanie z ogródkiem w nowym budownictwie!;Krzyki;3100;40
Sienkiewicza niezwykly apartament z jacuzzi i rura pole dance!;Śródmieście;499;45
Okazja Krotkoterminowo Piękne Mieszkanie 6-5osob;Śródmieście;400;70
12 pok | Fabryczna | Wolne od zaraz;Fabryczna;8500;350
ZAREZERWOWANE-WSTRZYMANE  Wygodna kawalerka w centrum miasta;Stare Miasto;1800;27
Walońska 7 / Angel River/ ogródek - do maja;Krzyki;3200;52
REZERWACJA DO 07.09 Do wynajęcia przytulne mieszkanie Biskupin-Dąbie;Śródmieście;1700;29
Dwupokojowe mieszkanie z klimatyzacją i balkonem, Jagodno ul. Buforowa;Krzyki;3000;37
REZERWACJA - KAWALERKA do wynajęcia 34m2, ul. Cza;Stare Miasto;2600;33.60
Kawalerka/TinyHouse, ul.Ślęzna, os.Borek, dom mobilny w zieleni, 18 m2;Krzyki;2500;19
Piękne mieszkanie w samym centrum Wrocławia;Wrocław;4500;32
Po remoncie - najwyższa jakość materiałów! Centrum;Śródmieście;3000;45
Przytulne mieszkanie/Krzyki/parking w cenie;Krzyki;3300;48
Wyjątkowe dwa pokoje na Borku - garaż, trzy tarasy;Krzyki;3200;62.50
Piękny apartament po generalnym remoncie z widokie;Stare Miasto;3500;45
Mieszkanie 4 pokojowe na Biskupinie;Śródmieście;7300;120
Apartamenty Księcia Witolda Lux nowe 50m2 klimatyz;Stare Miasto;4700;50
Piękne mieszkanie na wynajem Rynek Wrocław;Wrocław;3500;32
Słoneczna kawalerka z balkonem przy pl. Grunwaldzkim - wysoki standard;Śródmieście;2000;25
NOWE 2-pokojowe mieszkanie w centrum + GARAŻ;Śródmieście;3900;40
Jagodno, ul. Drabika, 2 pok. 40m + balkon, PIERWSZY NAJEM;Krzyki;2800;40
Piękne mieszkanie 3-pokojowe do wynajęcia;Krzyki;3300;45
Do wynajęcia jasne, ciche mieszkanie w doskonałej lokalizacji;Stare Miasto;2900;49
Mieszkanie do wynajęcia;Śródmieście;4000;40
3 pokojowe mieszkanie;Śródmieście;3000;60
NOWE 2 pokoje Centrum Wrocławia - Rezerwacja;Krzyki;2800;30
Wynajem 44m2, bezpośrednio,klimatyzacja, Zwycięska;Krzyki;2850;44
Mieszkanie 2 pokoje - ul. Zyndrama z Maszkowic;Stare Miasto;3500;42
Wynajem 44m2, bezpośrednio,klimatyzacja, Zwycięska;Krzyki;2850;44
2pok. nowe bud., ul. Pilczycka, 2950zł za wszystko bez dod. opłat!;Fabryczna;2500;42
Do wynajecia mieszkanie 3 pokojowe;Krzyki;2800;73
atrakcyjna kawalerka, al. Kochanowskiego;Śródmieście;2450;25
Mieszkanie do wynajecia ul.Mosiężna;Stare Miasto;3500;52
Kawalerka na Walońskiej / Angel River - najem do maja;Krzyki;2800;25
OVO | Modern Apartment 4 Bedroom |;Stare Miasto;12000;140
OVO | Modern 2 Bedroom Apartment |;Stare Miasto;7000;70
Mieszkanie 3 pokoje ul. WŁODKOWICA od 10.2022;Stare Miasto;4000;70
Wynajm mieszkania;Fabryczna;2200;43
Kawalerka, 35m2, ul. Prosta, Rynek, pl. Legionów;Stare Miasto;2100;35
Wynajmę mieszkanie Wrocław Przejazdowa;Psie Pole;2900;43
Wynajmę mieszkanie, kawalerka, Wrocław ul. Opolska 29m2;Krzyki;2200;29
Mieszkanie Kajdasza nowe budownictwo;Stare Miasto;3450;40
Wynajmę Mieszkanie 60m 3 pokoje w centrum ul. Wesoła;Krzyki;4599;60
[oferta wstrzymana] 3 pokoje 50m2 Stare Miasto Szczepin;Stare Miasto;3000;50
Mieszkanie 2 pokoje - ul. Jesionowa 47 Wrocław Krzyki;Krzyki;3000;44
kawalerka z balkonem centrum;Stare Miasto;2000;30
Mieszkanie 2 pokojowe na wynajem Gliniana [REZERWACJA do 07.09.];Krzyki;2600;47
kawalerka na wynajem ( + meldunek);Stare Miasto;400;12
2-pokojowe do wynajęcia Zatorska;Psie Pole;2500;52
Mieszkanie 2 pokojowe Krzyki ul. Widna;Krzyki;2800;42
Mieszkanie 3 pokojowe, Gaj, cicha okolica;Krzyki;3000;62
Wynajmę kawalerkę Wrocław ul. Sosnowiecka 1900 zł;Stare Miasto;1900;25
Słoneczne 2 pokoje z kuchnią i balkonem na Skarbowców;Krzyki;2400;53
Kawalerka w centrum;Stare Miasto;2150;34
BEZPOŚREDNIO!!!  2-pokojowe, 56,0 m2, ul. Legnicka 160;Fabryczna;3500;56.20
Duze mieskanie 3 pokojowe ul. Bezpieczna;Stare Miasto;3400;55
wynajmę mieszkanie 3 pokojowe, Wrocław- Leśnica;Fabryczna;3250;94
2 pokoje centrum, rynek prestiżowa lokalizacja Gwiaździsta-od 01.10;Stare Miasto;2900;40
Mieszkanie do wynajecia ul.Mosiężna;Stare Miasto;3500;52
NOWE 2-pokojowe mieszkanie w centrum + GARAŻ;Śródmieście;3900;40
Apartament Wrocław Rynek Stare Miasto 1p. Balkon, super lokalizacja;Stare Miasto;4800;45
Mieszkanie 2 pokoje - OLIMPIA PORT - widok na las;Psie Pole;2900;35
Kościuszki / Zgodna słoneczna kawalerka -wolna od 28 maja;Śródmieście;2500;40
Kawalerka na wynajem (Kowale, okolice Korony);Psie Pole;2350;25
NOWE PIĘKNE 3-pokojowe z miejscem parkingowym;Fabryczna;4500;74
wolne od już / 4 pok/ ul.Obornicka;Psie Pole;4000;70
mieszkanie dla studentki lub dwóch;Stare Miasto;1800;53
Kawalerka Tęczowa Wrocław Wynajem Centrum Miasta na miesiące;Stare Miasto;2200;30
Eleganckie mieszkanie 3-pokojowe z balkonem i podwójnym miejscem park.;Psie Pole;3100;55
#Lux Apartament 4 Pok. Umebl. Oporów Ul. Jutrzenki;Fabryczna;5900;101
Mieszkanie na Nadodrzu od 01.10;Stare Miasto;3200;39
Wrocław Rynek 2 pokoje;Stare Miasto;3200;53
Wynajmę mieszkanie 40m2, ul.Graniczna, ogródek;Fabryczna;3000;40
Wynajmę mieszkanie 3 pokojowe, Gliniana, 53m2, pełny rozkład;Krzyki;4500;53
NOWE, LUX z balkonem, przy Ogrodzie Botanicznym !;Śródmieście;3400;42
Wynajem mieszkania na Oporowie* 50m2* przestrzenne* 2021 rok* TARAS;Fabryczna;3700;50
ładne, ciche i wygodne mieszkanie w atrakcyjnej ok;Stare Miasto;2900;58
Apartament 2 pok. 55 m2, Ołtaszyn;Krzyki;3700;55
Ok. Koszarowej, 2 pok., 38m2, m. postojowe!;Psie Pole;2800;38
Przestronny apartament do wynajęcia;Śródmieście;2900;61
wynajme 4-pokojowe Wrocław-Śródmiescie ul. Damrota;Śródmieście;4500;72
★ Niesamowity widok ★ Ogrodzony teren ★ (Pl/En/Ua);Krzyki;3200;62
Trzypokojowe mieszkanie - ul. Krucza - Krzyki;Krzyki;2800;80
mieszkanie do wynajęcia blisko rynku;Krzyki;3000;47
Wynajmę mieszkanie przy Wroclavii, 2 osobne pokoje 42m2;Stare Miasto;3500;42
Kawalerka na Walońskiej / Angel River - najem do maja;Krzyki;2800;25
wynajme 4 pok Wroclaw-Srodmiescie ul. Damrota;Śródmieście;4500;72
Do wynajęcia komfortowe mieszkanie 55 mkw, 2 pok., ul. Spiżowa;Stare Miasto;3900;55.19
Apartament 51m2 - 2 pokoje, RYNEK WROCŁAW Balkon!!;Stare Miasto;3500;51
Walońska 7 / Angel River/ ogródek - do maja;Krzyki;3200;52
Wynajmę 2-pokojowe mieszkanie - miejsce w garażu podziemnym w cenie;Fabryczna;2450;47
Apartament 3 pok. 85,5mkw CENTRUM + m. parkingowe podziemne;Stare Miasto;3500;85
2 pokoje, Stare Miasto - ul. Tęczowa - 32229/OMW;Stare Miasto;3000;41.60
Lux /Corte Verona/2 Pok/ 50m2/Patio/;Fabryczna;4000;50
3 pokoje / balkon / klimatyzacja / ul.Wojaczka;Psie Pole;4000;68
2 pokoje, komfortowe, zachwycająca okolica, taras;Krzyki;3000;54
kawalerka z balkonem centrum;Stare Miasto;2000;30
Legnicka, Popowice, Magnolia - bez pośredników;Fabryczna;3100;38
Wynajmę mieszkanie 2 pokojowe 37m2 - Centrum Wrocławia;Stare Miasto;3000;37
Nowe 2 pokoje, ul. Jesionowa, 9 piętro, loggia - 30947/OMW;Krzyki;3100;45
Mieszkanie do wynajęcia tuż przy Wrocławskim Rynku;Stare Miasto;3200;44
Mieszkanie 2-pokojowe przy ulice Walońska;Krzyki;4300;46
Wynajmę 2pokojowe mieszkanie na pl Grunwaldzkim;Śródmieście;3000;51
Współdzielenie mieszkania;Krzyki;3000;50
mieszkanie na Sępolnie 5 pokoi;Fabryczna;6000;105
Kawalerka, osobna kuchnia, 35m2, Prosta, Centrum;Stare Miasto;2100;35
Wrocław, Oporów, ok. Balzaka, najem okazjonalny;Fabryczna;3000;64
mieszkanie willowe z tarasem i widokiem na ogród;Śródmieście;3000;40
Wynajmę mieszkanie przy ul. Kromera;Psie Pole;4200;53
Blisko Uniw. Ekonom. i Medyczn WYNAJMĘ 2-pok mieszkanie STUDENTOM/TKOM;Krzyki;2490;39
Mikrokawalerka Głogowska/ obok Legnickiej;Fabryczna;1900;16
mieszkanie do wynajęcia blisko rynku;Krzyki;3000;47
Śródmieście,kawalerka,meble,balkon,winda,2019r.!;Śródmieście;2600;28.50
Mieszkanie 2 pok. w przyziemiu budynku szeregowego Oporów;Fabryczna;1800;48
2 pokojowe mieszkanie przy ul Traugutta, plus 2 miejsca postojowe;Śródmieście;3200;50
Nie aktualne . NIE DZWONIĆ;Fabryczna;5555;52.50
wynajmę mieszkanie;Fabryczna;2250;39.20
Prestiżowy apartament do wynajęcia;Śródmieście;7000;77
Rezerwacja - Umeblowane 3-pokojowe mieszkanie przy ul. Wojaczka;Psie Pole;3200;56
Mieszkanie 3 pok. (52 m) do wynajęcia Idzikowskiego Wrocław;Stare Miasto;3000;52
Do wynajęcia mieszkanie 80 m z tarasem -Róży Wiatrów, Krzyki, Wrocław;Krzyki;4200;80
Klimatyczny Apartament w samym sercu pięknego Wrocławia;Śródmieście;3000;45
Mieszkanie 2 pokojowe na wynajem Gliniana [REZERWACJA do 07.09.];Krzyki;2600;47
Wynajmę mieszkanie 40m2, ul.Graniczna, ogródek;Fabryczna;3000;40
Wrocław Rynek 2 pokoje;Stare Miasto;3200;53
Super 2 pok, super lokalizacja, balkon, tramwaj!;Fabryczna;2900;45
Wyjątkowe mieszkanie dla ceniących ciszę;Psie Pole;6500;92
Mieszkanie 2-pok. przy Rynku;Stare Miasto;3200;47
komfortowe 3 pokojowe mieszkanie w centrum blisko Sky Tower;Krzyki;2500;47
Wrocław, Stare Miasto, Apartamenty Halo, Tęczowa;Stare Miasto;2700;27
Apartament Corte Verona;Fabryczna;2900;48
Przytulne trzypokojowe mieszkanie;Stare Miasto;4500;64
Dwupokojowe mieszkanie - ul. Kamienna - Krzyki;Krzyki;2700;38
2-pokojowe mieszkanie - 38m2, ul. Augustowska;Fabryczna;2300;40
Świeżo po remoncie 3 pokoje ul. Zaporoska;Krzyki;3200;46.48
Mieszkanie krzyki- partynice tarasem- zarezerwowane;Krzyki;2900;46
Mieszkanie z widokiem na Odrę.;Stare Miasto;4700;49.84
Mieszkanie do wynajęcia Psie Pole ul Mulicka;Psie Pole;2600;44
Wrocław Psie Pole Młyn Różanka. Mieszkanie 2 pokoje - pierwszy wynajem;Psie Pole;4000;44
Dwupokojowe mieszkanie - ul. Kamieńskiego - Psie Pole;Psie Pole;2550;48
Wynajmę mieszkanie 3 pokojowe Wrocław Krakowskie Tarasy PARKING;Krzyki;4000;57.70
Wysoki Standard, 2 pok. | Centrum | Balkon + Garaż;Stare Miasto;3850;55
Biskupin, Śliczne mieszkanie w nowym budownictwie, Balkon !;Śródmieście;2600;43
Odra Tower 10 piętro. Nowe mieszkanie 2-pokojowe.;Stare Miasto;3000;36
2-pok. centrum - od października;Stare Miasto;2800;48
Wynajmę Kawalerkę ul. Buforowa;Krzyki;2300;29
Do wynajęcia mieszkanie 3 pokojowe z garażem Wrocław ul. Jaracza;Śródmieście;3200;70
Mieszkanie 3-pok | Parking | Garderoba| Balkon;Krzyki;3700;85
Piękna kawalerka/ Zakładowa/ Rychtalska/Miejsce postojowe;Fabryczna;2300;30
Mieszkanie 2pok,klimatyzacja,miejsce postojowe,Port Popowice;Stare Miasto;3000;41
OKAZJA _ODRA HOUSE _ z klubem Fitness i GARAŻEM;Stare Miasto;3100;55
Mieszkania z ogródkiem/miejsce parkingowe/Super lokalizacja;Psie Pole;3700;48
Mieszkanie blisko rynku Wrocławia;Stare Miasto;4000;60
Angel City 2 pokoje SPA&GYM ul.Walońska 0%prowizji;Stare Miasto;3700;41
Studio w Angel City, Siłownia i SPA ul. Walońska;Stare Miasto;3100;28
3 pokoje | 2 łazienki | Osobna kuchnia | Balkon | Rynek;Stare Miasto;3500;75
Ultra LUX apartament OVO klima basen silownia;Stare Miasto;5999;70
3 pok | Pierwszy najem | Wole od zaraz;Psie Pole;5500;90
Kawalerka Port Popowice, bez pośredników;Fabryczna;2500;25
Ciche mieszkanie z dużym ogrodem, garaż;Psie Pole;2600;40
ul. Sądowa, kuchnia oddzielna, meble, agd, wolne od 20.09.;Stare Miasto;2250;34
Centrum, 38m2, taras 70m2;Stare Miasto;4500;38
3 pok. + m.postojowe, Wrocław Żmudzka;Psie Pole;3600;62.20
Nowoczesne, w pełni wyposażone mieszkanie blisko cetrum;Krzyki;2900;45
Wynajmę kawalerkę, ul. Bajana  we Wrocławiu od połowy września;Fabryczna;2200;32
mieszkanie dwupokoj. Biskupin - Dąbie park/Zoo/Odr;Śródmieście;2900;53
Kawalerka/mieszkanie w centrum Wrocławia z balkonem na wynajem;Krzyki;2500;38
mieszkanie dla pracowników;Krzyki;6000;100
Świetnie położone mieszkanie 2-pokojowe. Pierwszy najem po remoncie.;Krzyki;3500;58
Mieszkanie 2 pokoje, 50m2, Obornicka, KLIMATYZACJA;Psie Pole;3400;50
Centrum,Kępa St.,balkon,garaż,wys.stand.,meble,5p.;Stare Miasto;2600;25
Kawalerka na ul. Nyskiej Wrocław;Krzyki;2000;30
Mieszkanie do wynajęcia, Wrocław ul. Graniczna 42m;Fabryczna;2600;42.50
WSTRZYMANE Sołtysowice - Mieszkanie 3 pokojowe;Psie Pole;3500;60
Mieszkanie 46m z ogródkiem Wrocław ul. Rybnicka (osiedle zamknięte);Krzyki;3000;46
Obornicka/ 2 pok / balkon/ wysoki standard;Psie Pole;3100;46
do wynajęcia Browar Piastowski Loft 3p z ogródkiem   i garażem;Śródmieście;5000;60
Mieszkanie dla 3 studentów;Krzyki;3500;56
Mieszkanie 2 pok. do wynajęcia  ul. Grunwaldzka Politechnika;Śródmieście;2900;35
Wynajmę mieszkanie 74m2 z dwoma ogródkami;Krzyki;3500;74
Wynajem: Komfortowe 2-pokojowe + garaż ul. Semaforowa Wrocław-Brochów;Krzyki;3000;54
Mieszkanie Nowa Papiernia LOFTY;Śródmieście;4900;48
Angel City - 2 pokoje | Taras | Parking | GYM&SPA;Krzyki;4200;46
Mieszkanie dwupokojowe 56 m^2+14 m^2 z antresola Cybulskiego Nadodrze;Stare Miasto;3230;70
Mieszkanie 50 m2 do wynajęcia 2 pokoje od 1.10.2022;Śródmieście;3200;50
Do wynajęcia mieszkanie w pięknej kamienicy w centrum Wrocławia;Krzyki;9900;140
NOWE, komfortowe studio - pierwszy najem!;Stare Miasto;2050;19
Okazja Apartament z widokiem na południe miasta 16 Piętro ATAL TOWERS;Stare Miasto;5200;48
wynajmę 2 pokojowe mieszkanie Wrocław krzyki;Krzyki;2500;50
2 pokoje centrum, rynek prestiżowa lokalizacja Gwiaździsta-od 01.10;Stare Miasto;2900;40
Do wynajęcia bezpośrednio ładne 2 pokojowe mieszkanie z balkonem;Krzyki;2900;53
Nowy apartament premium*okolice Rynku* pierwszy najem*2 pokoje;Stare Miasto;3000;38
Mieszkanie w ścisłym w Centrum - ul. Kościuszki;Krzyki;3200;50
Krzyki / Ołtaszyn 2 pokojowe 60 mkw;Krzyki;2200;60
Mieszkanie 37m2 | Promenady Wrocławskie|Zakładowa;Psie Pole;3000;37
Wrocław/Krzyki/Borek, 60 m2, 3 pokoje, ogródek;Krzyki;2900;60
Mieszkanie 3 pokojowe z dwoma ogrodami, pierwszy najem;Krzyki;6000;73
2 Pokoje | Krótki Najem | Ogródek;Fabryczna;2800;34
Wynajem mieszkania;Krzyki;2700;50
Apartament w Centrum dla wymagającego Klienta;Stare Miasto;4500;42
Komfortowa kawalerka30m2, od października;Psie Pole;2600;30
Kawalerka przy Magnolii 20 m2;Fabryczna;2050;20
3 pokoje/ 63 m2/ Grabiszyńska/blisko parku/ obniżka ceny!!!;Fabryczna;3300;63
2-pokojowe mieszkanie na wynajem, ul. Żeromskiego;Śródmieście;2600;35
2 pokojwe/ Dwostronne/ Rozkładowe/ MAGNOLIIA/ Parter;Krzyki;2500;48
Gwiazdzista, Wroclaw, 33m2 kolo Sky Tower;Stare Miasto;3500;30
3 pokojowe mieszkanie na Popowicach;Fabryczna;3500;50
Mieszkanie Hallera 57m 3 pok;Stare Miasto;4500;57
Luksusowy apartament z tarasem przy parku;Śródmieście;6800;80
Wygodne mieszkanie 50 m  do wynajęcia , Osiedle Kosmonautów Wrocław.;Fabryczna;2300;50
2-pokojowe mieszkanie do wynajęcia, ul. Wojaczka;Psie Pole;3200;40
Legnicka, Popowice, Magnolia - bez pośredników;Fabryczna;3100;38.25
Mieszkanie 4 pokoje na wynajem Wrocław Kozanów najem okazjonalny;Fabryczna;3000;74
Mieszkanie do wynajecia ul.Mosiężna;Stare Miasto;3500;52
atrakcyjna kawalerka, al. Kochanowskiego;Śródmieście;2450;25
Centrum, 38m2, taras 70m2;Stare Miasto;4500;38
Mieszkanie 4 pokoje na wynajem Wrocław Kozanów najem okazjonalny;Fabryczna;3000;74
Nowy Apartament 43 Mkw. Dla Menadżera. Ok.Sky Towe;Krzyki;3300;43
Mieszkanie dla studentów NIEPALĄCYCH;Stare Miasto;3000;34
Luksusowy apartament w centrum Wrocławia;Fabryczna;4000;50
Mieszkanie 2 pok Prądzyńskiego umeblowane, z garażem;Krzyki;3200;40
Mieszkanie dwupokojowe;Stare Miasto;3000;37
2 Pokoje / Plac Grunwaldzki / Ogrody Reja;Śródmieście;3270;52.10
Mieszkanie - WROCŁAW;Fabryczna;2999;49
Wynajmę dwupokojowe mieszkanie;Fabryczna;2300;50
Złotniki, Kościańska 2 pokoje;Fabryczna;3300;42
Kawalerka w centum miasta (Kościuszki/Świstackiego);Śródmieście;2500;30
Mieszkanie krzyki- partynice tarasem- zarezerwowane;Krzyki;2900;46
Słoneczna kawalerka z balkonem przy pl. Grunwaldzkim - wysoki standard;Śródmieście;2000;25
Pierwszy najem, 2 pokoje+2 miejsca postojowe Wrocław  Miedziana;Stare Miasto;3600;37
Mieszkanie 2 pokoje z ogrodem Muchobór Wielki, bez pośredników;Fabryczna;2200;45
Wynajmę komfortowe mieszkanie w doskonałej lokalizacji- Krzyki;Krzyki;5000;86
Słoneczny apartament w centrum Wrocławia;Stare Miasto;2350;32
Mieszkanie na wynajem 3 pok. 60m2;Psie Pole;3200;60
Wrocław Krzyki, ulica Przyjaźni - wynajem długoter;Krzyki;3800;62
3-pokojowe mieszkanie we Wrocławiu 46m2;Krzyki;2800;46
3-pokojowe mieszkanie z balkonem;Krzyki;3500;58
Mieszkanie we Wrocławiu;Krzyki;4000;63
Wynajmę 3-pokojowe mieszkanie na Biskupinie 47m dla rodziny max. 4 os.;Śródmieście;3700;47
3 pokoje/ 63 m2/ Grabiszyńska/blisko parku/ obniżka ceny!!!;Fabryczna;3300;63
3 pok. + m.postojowe, Wrocław Żmudzka;Psie Pole;3600;62.20
Mieszkanie Nowa Papiernia LOFTY;Śródmieście;4900;48
Piękne mieszkanie | Klimatyzacja | Siłownia;Fabryczna;2600;40
Wynajme kawalerke;Stare Miasto;2000;28
Ekskluzywna Kawalerka Wrocław Śródmieście klima;Śródmieście;3000;33
5 pok | Zielona okolica | Taras;Śródmieście;12000;138
Apartament na Wrocławskich Krzykach 15 min do Pkp;Krzyki;3300;40
Mieszkanie ok. Pl. Bema , 32 m.kw. , 2 pokoje;Śródmieście;3000;32
Kawalerka Wrocław na wynajem;Fabryczna;2200;26.38
Mieszkanie do wynajecia Prusa dwupokojowe 44m2;Stare Miasto;3800;41
2 pokojowe dwustronne rozkładowe Świeradowska Gaj;Krzyki;3099;48
Wolne pokoje/ wysoki standard;Psie Pole;650;60
REZERWACJA DO 07.09 Do wynajęcia przytulne mieszkanie Biskupin-Dąbie;Śródmieście;1700;29
Legnicka, Popowice, Magnolia - bez pośredników;Fabryczna;3100;38
Kawalerka, okolice Rynek CO+CW miejskie, 2400zł opłaty wliczone;Stare Miasto;2400;18
Dwupokojowe mieszkanie - ul. Świdnicka - przy Rynku;Stare Miasto;2450;30
Mieszkanie na wynajem 32m2  Centrum ul. Księcia Witolda;Stare Miasto;3000;32
Do wynajęcia mieszkanie 3pok. ul. Manganowa;Stare Miasto;4000;70
Do wynajęcia nowe 2-pokojowe mieszkanie z balkonem w centrum Wrocławia;Stare Miasto;3700;38
Wynajmę kawalerkę 3100 brutto z Vat;Fabryczna;3200;30
mieszkanie do wynajęcia;Stare Miasto;2500;36
Lux studio przy Rynku ***ul. Kuźnicza ***budynek z windą, klimatyzacja;Stare Miasto;2800;27
Od 01.10 Wynajmę 2 pokojowe mieszkanie po generalnym remoncie;Stare Miasto;3500;40
2 pokojowe mieszkanie, po częściowym remoncie, wynajmę.;Fabryczna;2300;48.20
Dwupokojowe 36m2, Fabryczna (Oferta wstrzymana);Fabryczna;2380;36
Mieszkanie do wynajęcia Psie Pole ul Mulicka;Psie Pole;2600;44
Kawalerka Apartament  Pułaskiego Wrocław Centrum PKP Rynek Grunwald;Stare Miasto;2200;19
Mieszkanie 3-pokojowe z klimatyzacją i widokiem na Wzgórze Gajowe;Krzyki;3300;60
[REZERW] 2-pok mieszk. 42m2 (Krzyki) - super lokal., dla pary, wygodne;Krzyki;2400;42
Mieszkanie 2-pokojowe na ul. Bułgarskiej (Różanka) dla studentek.;Psie Pole;3000;60
3 pokojowe z balkonem, Kowale, ul. Miłoszycka;Śródmieście;3700;56
Dwupokojowe mieszkanie z klimatyzacją Tarnogaj;Krzyki;2600;45
Pokój do wynajęcia jedno- lub dwuosobowy, Stare Miasto;Stare Miasto;900;25
Do wynajęcia apartament - ul. Krawiecka;Wrocław;4500;78
Mieszkanie Drobnera 32 m., 2 pokoje;Śródmieście;3000;32
REZERWACJA kawalerka;Stare Miasto;2000;23
Wynajmę 2-pokojowe mieszkanie przy ulicy Lubuskiej we Wrocławiu;Fabryczna;2600;27
nowa kawalerka - Legnicka 60 c;Fabryczna;2050;16.41
Obornicka/ 2 pok / balkon/ wysoki standard;Psie Pole;3100;46
WYJĄTKOWY LOFT 100 m2* Taras na dachu* OD 15.09;Fabryczna;3700;100
Nowoczesne mieszkanie do wynajęcia;Krzyki;5000;70
Krzyki Gaj, 50m2/ 2 pok rozkładowe, osobna kuchnia, balkon! 2600zł;Krzyki;2600;50
Na wynajem mieszkanie 3 pok, Legnicka 55, Wrocław;Fabryczna;4200;77
Przytulny mikropapartament w nowym obiekcie na Psim Polu;Psie Pole;2050;26
Nowoczesna kawalerka na Psim Polu;Psie Pole;2050;26
Apartament Centrum 50m2! 15 piętro Atal Towers;Stare Miasto;5000;50
(PL/RU/ENG) Dwa pokoje | Blisko Centrum | Przestronne;Stare Miasto;3200;50
Apartament - Kępa Mieszczańska - 2 pokoje - klimatyzacja - duży balkon;Stare Miasto;3500;40
mieszkanie do wynajęcia blisko rynku;Krzyki;3000;47
Mieszkanie/2 pokoje z ogródkiem/Tęczowa/3 MIESIĄCE;Stare Miasto;3200;47
Mieszkanie 2 pokojowe ul. Studzienna;Stare Miasto;2500;44
Dwupokojowe mieszkanie z klimatyzacją i balkonem, Jagodno ul. Buforowa;Krzyki;3000;37
wynajmę 2 pokojowe mieszkanie Wrocław krzyki;Krzyki;2500;50
mieszkanie do wynajęcia;Śródmieście;3600;61
2 pokojowe od zaraz - Plac Powstańców Śląskich 1;Krzyki;4000;68
Kawalerka-Starter 3, ul. Dyrekcyjna 1;Krzyki;2200;17
Piękne, nowe, komfortowe, winda, balkon, CENTRUM;Stare Miasto;3300;37
REZERWACJA->Zawidowska 47, Maślice Wielkie, studio, 0% PROWIZJI;Fabryczna;1670;16
RYNEK ul.Odrzańska/ 2 pokoje/50m2/winda/wolne!;Stare Miasto;3500;51
kawalerka | 350m do płyty rynku | Stare Miasto | Bezpośrednio;Stare Miasto;2800;23
Piękne - 2 Pokoje  - BALKON - GARAŻ / KRZYKI / Tarnogaj;Krzyki;3000;43
Kawalerka 37 m2, Wrocław- Śródmieście;Śródmieście;1800;37
* 3 POK*Pełny rozkład*Krzyki*Ślężna;Krzyki;5000;70
Piękne mieszkanie w Kamienicy Centrum 3pok;Śródmieście;5000;68
Wynajmę mieszkanie przy Wroclavii, 2 osobne pokoje 42m2;Stare Miasto;3500;42
Mieszkanie  Strefa LG -ul.Przyjażni, Wrocław;Krzyki;5600;85
2 Pokoje, Klimatyzacja, Garaż, Tarnogaj, Dostępne od zaraz;Krzyki;2900;45
Luksusowe mieszkanie 2-pokojowe w Młynie Maria;Stare Miasto;7500;53
3 Pokoje na zamkniętym osiedlu;Krzyki;3800;60
Kawalerka w biznesowym centrum Wrocławia;Fabryczna;3400;31
Kawalerka z osobną kuchnią w Rynku!;Stare Miasto;2600;34
Nowe mieszkanie na wynajem, wysoki standard, 2 pok;Krzyki;5000;48
Nowe mieszkanie 55m2 + 2 ogródki | wysoki standard;Fabryczna;5700;55
Prestiżowy i Elegancki Pałac -Pl. Grunwaldzki;Śródmieście;7000;77
Mieszkanie na wynajem Księże małe 50 mkw;Krzyki;3200;50
3pokojowe mieszkanie PIlczyce;Fabryczna;3000;68
Wynajmę 3 pokojowe mieszkanie w centrum Wrocławia ul. Kotlarska;Stare Miasto;5000;70
Wynajmę mieszkanie 3 pokojowe Wrocław Krakowskie Tarasy PARKING;Krzyki;4000;57.70
Wrocław - Bezpośrednio, 76m dla 4 studentów;Fabryczna;3000;76
Wynajem mieszkania we Wrocławiu;Stare Miasto;3000;37
2 pokoje z balkonem i garażem - ul. Krzycka - 45490/OMW;Krzyki;3100;52
Mieszkanie 3-pokojowe z klimatyzacją i widokiem na Wzgórze Gajowe;Krzyki;3300;60
Luksusowe mieszkanie w zabytkowej kamienicy;Śródmieście;9000;127
Mieszkanie 3-pokojowe z oddzielną kuchnią;Stare Miasto;2800;50
2 pok. apartament Kępa Mieszczańska, od 1-go września!;Stare Miasto;2800;40
2 pokoje z oddzielną kuchnią i garderobą na dłużej, miesiąc, dzień;Fabryczna;4500;60
4 pok. apartament 120m2 Angel Wings, ul. Walońska;Krzyki;7500;120
Apartament z Antresolą w Centrum Wrocławia - Bulwar Staromiejski;Stare Miasto;3300;56
Pierwszy najem - 2 pokoje+garaż - wysoki standard - Jagodno;Krzyki;3800;54
2-pokojowy apartament w Angel City- pierwszy najem;Śródmieście;3700;41
Blisko Uniw. Ekonom. i Medyczn WYNAJMĘ 2-pok mieszkanie STUDENTOM/TKOM;Krzyki;2490;39
Obornicka/ 2 pok / balkon/ wysoki standard;Psie Pole;3100;46
Apartament 3 pok. 85,5mkw CENTRUM + m. parkingowe podziemne;Stare Miasto;3500;85
Wynajmę mieszkanie kawalerkę;Śródmieście;2500;30
Mieszkanie Pl. Grunwaldzki, 2pokoje+balkon+kom.lok;Śródmieście;3800;47.82
Mieszkanie 2 pok. 55m2 do wynajęcia Wrocław Manganowa;Fabryczna;2900;55
2-pokojowe, nowe Krzyki, ul. Skarbowców;Krzyki;3500;35
Słoneczne mieszkanie do wynającia;Psie Pole;1900;37
Idealne mieszkanie dla pary, położenie przy RYNKU;Stare Miasto;4200;61
Mieszkanie 3 pokojowe 70 m2 | Zakrzów;Psie Pole;3200;70
Tanie mieszkanie dwupokojowe;Fabryczna;1890;25
Okazja! Kawalerka w centrum ul. Armii Krajowej;Krzyki;2100;41
4 pok | Krzyki | Klimatyzowane | WIS;Krzyki;6300;150
Kawalerka rezerwacja do 08.09 proszę nie dzwonić i pisać;Stare Miasto;2500;25
Kawalerka przy Magnolii 20 m2;Fabryczna;2050;20
Dwupokojowe mieszkanie, Śródmieście/Ołbin ul. Daszyńskiego;Śródmieście;2900;35
Mieszkanie 2 pokoje/ od około 15 IX Wroclaw/ ul. Toruńska;Krzyki;2500;50
Apartament Stare Miasto ul.Sikorskiego Atal Towers;Stare Miasto;4000;50
Wyjątkowy apartament ★ Zamknięte osiedle ★ Centrum;Śródmieście;8750;90
Wynajem;Krzyki;2000;34
Wynajmę mieszkanie - okolice pl. Bema REZERWACJA;Śródmieście;2700;64
Ścisłe centrum ★ Widok na zieleń ★ Przestronne;Stare Miasto;2900;56
Duże mieszkanie w kamienicy, 3min. do Rynku / ŁOKIETKA / 87m2 !;Stare Miasto;3200;89
Trzypokojowy apartament - ul Walońska - Krzyki;Krzyki;6000;76.32
Apartament 100m, 6 pokoi;Krzyki;6900;100
Apartament 26 m2 w samym centrum Wrocławia przy pl. Jana Pawła ll;Stare Miasto;2999;26
Mieszkanie 3 pokojowe koło placu Bema, 15 minut od Rynku;Śródmieście;4000;60
Nowoczesne mieszkanie do wynajęcia;Krzyki;5000;70
wynajmę 2 pokojowe mieszkanie Wrocław krzyki;Krzyki;2500;50
Wynajem mieszkania dla firm - 13 osób ul. Daszyńskiego Wrocław;Psie Pole;600;60
Mieszkanie ul. Sądowa pl. Legionów RYNEK CENTRUM 58m od 1 Października;Stare Miasto;3500;58
Komfortowe studio w centrum miasta, od 30 wrzesnia.;Stare Miasto;2500;33
Mieszkanie 37 m2 - 2 pokoje Stabłowice mieszkanie na wynajem Wrocław;Fabryczna;2500;37
Mieszkanie 2-pokojowe - Stabłowice - 2900 zł CAŁOŚĆ;Fabryczna;2900;51
Mieszkanie 67m, Wrocław, Grabiszyn;Fabryczna;3200;67
kawalerka do wynajęcia Wrocław-Krzyki;Krzyki;2500;33
Mieszkanie do wynajęcia Psie Pole;Psie Pole;2300;35
Do wynajęcia mieszkanie 3 pokojowe Krzyki Wrocław;Krzyki;3500;57
Atrakcyjne mieszkanie na Oporowie;Fabryczna;2400;59
Mieszkanie 2 pokoje - ul. Jesionowa 47 Wrocław Krzyki;Krzyki;3000;44
Apartament Grey’a na wynajem długoterminowy;Stare Miasto;5500;50
Kawalerka na Krzykach;Krzyki;1950;30
Mieszkanie 3 pokojowe w centrum | Kępa Mieszczańska;Stare Miasto;4000;65
Wynajem mieszkania dla firm - 9 osób ul. Cukrowa Wrocław;Krzyki;680;50
Wynajem mieszkania dla firm -  11 osób ul. Jantarowa Wrocław;Krzyki;700;60
od zaraz - Zaciszny apartament z widokiem na park | Dąbie;Śródmieście;6990;74
(PL/RU/ENG) Olimpia Port | Dwa Pokoje | Garaż;Psie Pole;3800;50
najeme mieszkania w Wrocław. od 13.09.2022;Stare Miasto;2000;30
Gotowe do zamieszkania / 2p. Nyska , Komfortowe;Krzyki;3500;45.10
3 pokoje / balkon / klimatyzacja / ul. Wojaczka;Fabryczna;4000;68
Mieszkanie 2 pokojowe Stare Miasto;Stare Miasto;3000;52
Mieszkanie do wynajęcia, ul. Osobowicka - 2 pokoje;Psie Pole;2800;45.91
mieszkanie do wynajęcia blisko rynku;Krzyki;3000;47
Przytulna kawalerka plac Bema/Wyspa Słodowa;Śródmieście;2200;38
Kawalerka 34m/2 pl. Muzealny Centrum;Stare Miasto;2600;34
Gaj - 2 pokoje - wysoki standard;Krzyki;3500;53.50
Do wynajęcia Biuro / Kawalerka;Stare Miasto;2400;35
Mieszkanie 46m z ogródkiem Wrocław ul. Rybnicka (osiedle zamknięte);Krzyki;3000;46
Mieszkanie, 61 m², Wrocław;Śródmieście;5900;61
3-pokojowe, 78 m, ul. Komandorska- Centrum, PKP, PKS od 01.09.2022 r.;Krzyki;4200;78
Wynajmę nowoczesny apartament na Kleczkowskiej;Psie Pole;6200;80
Walońska 2 pokoje do wynajęcia 43m2 Nowe;Śródmieście;4000;43
Mieszkanie 60m, 3 pokoje, pełen rozkład;Krzyki;2500;60
3-pokojowe  rozkładowe mieszkanie;Fabryczna;3000;68
1. najem | 2 łazienki | garderoba | m. postojowe;Krzyki;4000;50
Piękna kawalerka/ Zakładowa/ Rychtalska/Miejsce postojowe;Fabryczna;2300;30
Blisko Uniw. Ekonom. i Medyczn WYNAJMĘ 2-pok mieszkanie STUDENTOM/TKOM;Krzyki;2490;39
Komfortowa kawalerka30m2, od października;Psie Pole;2600;30
Przedmieście Oławskie/ 2 pok z klimatyzacją;Krzyki;3500;44.36
z ogrodem, Nowa Toskania, wysposażone;Krzyki;3300;46
Apartament w świetnej lokalizacji!;Stare Miasto;3500;45
Mieszkanie 50m2 do wynajęcia;Fabryczna;2400;50
Nieaktualne tymczasowo =  Klimatyczne mieszkanie blisko Rynku;Śródmieście;2200;42.35
wynajmę  mieszkanie;Fabryczna;4500;65
Wolne pokoje dla pracowników/ rodzin/ studentów/ stadion miejski;Fabryczna;700;45
Idealne mieszkanie dla studenta. 4 pokoje rozkład, Pl. Grunwaldzki;Śródmieście;5200;87
Wyjątkowe 2 pokojowe Balkon Ogrody Hallera;Krzyki;3500;52
2-pokojowy apartament w Angel City- pierwszy najem;Krzyki;3700;43.44
2 pokoje centrum, rynek prestiżowa lokalizacja Gwiaździsta-od 01.10;Stare Miasto;2900;40
Mieszkanie 3 pokojowe koło placu Bema, 15 minut od Rynku;Śródmieście;4000;60
Do wynajęcia 2 pokojowe mieszkanie w kamienicy na Nadodrzu (56m2);Stare Miasto;3300;56
Apartament dwupokojowy w centrum miasta|Młyn Maria;Stare Miasto;5000;48
Przestronne, 2 pokoje, osobna kuchnia - przy Ue;Krzyki;3000;48.10
2 pokoje mieszkanie do wynajęcia;Krzyki;4000;60
OKAZJA! Wyjątkowy apartament w CENTRUM przy rzece;Stare Miasto;4600;69
Nowoczesna, klimatyczna kawalerka w samym Rynku;Stare Miasto;3000;42
Apartament przy Stajennej, od października;Krzyki;5000;78
Mieszkanie na wynajem;Fabryczna;2300;21.86
Mieszkania dla firm / Apartamenty dla firm / Faktura VAT;Śródmieście;150;50
Mieszkanie 3-pok. 56 m2 Drobnera/Bema przy Odrze;Śródmieście;3900;56
3 pokoje / Księże Małe / tramwaj / 15 min do Rynku;Krzyki;3200;48
Kawalerka-Agat ul.Rogowska 129a;Fabryczna;2200;22
Kawalerka, okolice Rynek CO+CW miejskie, 2400zł opłaty wliczone;Stare Miasto;2400;18
Apartamenty Wrocław wynajem długoterminowy;Śródmieście;2500;25
Mieszkanie do wynajęcia, 2 pokoje, z miejscem postojowym i ogródkiem;Fabryczna;3000;50
Przytulne 2-pokojowe mieszkanie na Szczepinie, świetna komunikacja;Stare Miasto;3000;21
Kawalerka w samym centrum Wrocławia przy ul. Teatralnej;Stare Miasto;2500;32
Wynajmę mieszkanie 100,8 m2 Wrocław Rynek 2;Stare Miasto;6000;100.80
Mieszkanie Wrocław Zakrzów 51m² + balkon 10m²;Psie Pole;3300;51
Mieszkanie 2 pokojowe, Niklowa Wroclaw;Stare Miasto;2800;45
BISKUPIN - 3 pok. mieszkanie studenckie, blisko uczelni-aktualne;Śródmieście;3900;59.99
*REZERWACJA*Mieszkanie Wroclaw blisko lotniska od 1 października;Fabryczna;2500;56
Mieszkanie z zielonym ogrodem 50m2 OLTASZYN KRZYKI;Krzyki;4900;54.50
Centrum, 38m2 z tarasem 70m2;Stare Miasto;4500;38
Mieszkanie  Strefa LG -ul.Przyjażni, Wrocław;Krzyki;5600;85
Dwupokojowe mieszkanie, Śródmieście/Ołbin ul. Daszyńskiego;Śródmieście;2900;35
Mieszkanie 3-pokojowe z klimatyzacją i widokiem na Wzgórze Gajowe;Krzyki;3300;60
Piękne mieszkanie na Kępie Mieszczańskiej we Wrocławiu;Śródmieście;3600;52
Kawalerka Biskupin;Śródmieście;2100;27
Apartament Wrocław Zakrzów Zatorska;Psie Pole;3300;51
NIEAKTUALNE 2 pok, rozkładowe, wynajem okazjonalny;Fabryczna;2500;44.90
Wynajem 2-pokojowe mieszkanie, ul.Kamienna;Krzyki;3000;47
Wynajmę mieszkanie przy Pl.Bema;Śródmieście;5000;80
Przytulne mieszkanie idealne dla pary lub singla.;Krzyki;2350;36
MARINO | KAMIŃSKIEGO | Czartoryskiego | Kawalerka - ostatnia szt.;Psie Pole;1700;20
Mieszkanie wynajmę na dni, miesiąc/dwa/długi termin;Krzyki;3600;45
Super kawalerka, prestiżowa lokalizacja Legnicka 59  REZERWACJA;Stare Miasto;4987;30
Centrum, 38m2, taras 70m2;Stare Miasto;4500;38
Obornicka/ 2 pok / balkon/ wysoki standard;Psie Pole;3100;46
Wynajem mieszkania we Wrocławiu;Stare Miasto;3000;37
Biskupin, Olszewskiego;Śródmieście;2800;52
Wynajmę mieszkanie z miejscem w garażu podziemnym Wrocław-Jagodno;Krzyki;4500;65
Mieszkanie wynajem muchobór wielki ul zwirki I wigury;Fabryczna;3000;49
Mieszkanie 1 pokojowe Wrocław Sępolno - NIEAKTUALNE;Śródmieście;2000;28
Mieszkanie 3 pokojowe - Grabiszyńska;Fabryczna;3800;46
100 m2 na Sępolnie z ogródkiem!!!;Śródmieście;4700;100
BEZPOŚREDNIO-cicha kawalerka 40m2 z wyjściem do parku-KOMFORTOWO-TANIO;Krzyki;2250;40
Mieszkanie trzypokojowe dwupoziomowe 70 m;Psie Pole;3770;70
Śliczne mieszkanie z ogródkiem 30m2 / NOWE;Psie Pole;3300;45
Klimatyzowane mieszkanie 2-pokojowe, Klecina;Krzyki;3000;43
Dwupokojowe mieszkanie, Śródmieście ul. Sępa-Szarzyńskiego;Śródmieście;2600;32
Legnicka, Popowice, Magnolia - bez pośredników;Fabryczna;3100;38
Mieszkanie 100m od rynku, ul Kotlarska;Stare Miasto;2500;37
Bulwary Książęce Klima Beautifull Apartament;Śródmieście;4400;43
Komfortowe mieszkanie dla ceniących przestrzeń/Comfortable apartment;Stare Miasto;3200;55
Mieszkania do wynajęcia blisko lotniska 15 pokoi z łazienkami;Fabryczna;700;500
Rozkładowe mieszkanie 3 pokoje 72 m2 ul.Rymarska Grabiszynek;Krzyki;4000;72
Wrocław-Psie Pole 69m2 - 3 pokoje - Apartament;Krzyki;3600;69
Możliwość Domeblowania-Krzyki-Traugutta-Centrum;Krzyki;3500;73
WYJĄTKOWY LOFT 100 m2* Taras na dachu* OD 15.09;Fabryczna;3700;100
Mieszkanie 3 pokojowe do wynajęcia, Wrocław, Krynicka;Fabryczna;4500;57
Wynajem 2 pokoje, Angel City, parking, SPA&GYM, od Zaraz;Śródmieście;4000;43
Komfortowa kawalerka30m2, od października;Psie Pole;2600;30
Mikrokawalerka Głogowska/ obok Legnickiej;Fabryczna;1900;16
Mieszkanie 2pok,klimatyzacja,miejsce postojowe,Port Popowice;Stare Miasto;3000;41
Mieszkanie 3 pokojowe Wrocław, Kozanów ul. Kolista;Fabryczna;3500;64
Mieszkanie Małopanewska NIEAKTUALNE;Fabryczna;2900;34
Mieszkanie na wynajem Wrocław-Ołtaszyn;Krzyki;4000;53
2 pok* 53 m2* Stare Miasto* Od 10.09* balkon;Stare Miasto;3500;53.50
Wynajmę kawalerkę ul. Zaułek Rogoziński 7A W-w;Psie Pole;2000;27
Kawalerka/ NOWA/ Pierwszy najem/ 20 m2/ Soltysowicka;Psie Pole;2000;20
- Centrum - 64m2 - pełny rozkład- Pl. Muzealny;Stare Miasto;4500;64
Apartament Sky Tower piętro 28;Wrocław;11000;70
Apartament Sky Tower 28 piętro;Stare Miasto;11000;70
Mieszkanie 51m2 Wrocław Ścinawska;Stare Miasto;3800;51
Jagodno, ul. Drabika, 2 pok. 40m + balkon, PIERWSZY NAJEM;Krzyki;2800;40
Walońska 7 / Angel River/ ogródek - do maja;Krzyki;3200;52
Dwupokojowe mieszkanie z klimatyzacją i balkonem, Jagodno ul. Buforowa;Krzyki;3000;37
Mieszkanie w centrum, Wroclaw, wynajem 08.10.2022 do 08.12.2022;Stare Miasto;3500;75
2 Pokoje | Balkon | Umeblowane;Fabryczna;4000;48
2 Pokoje | Barlickiego | Miejsce Parkingowe;Śródmieście;5000;63
3 pokoje | osobna kuchnia | Balkon REZERWACJA;Krzyki;4500;68
3 pokoje | dwupoziomowe | 2 miejsca parkingowe |AC;Stare Miasto;5500;57
Nowoczesna KAWALERKA w centrum miasta ANGEL CITY;Krzyki;2750;28
Atrakcyjne mieszkanie 2-pok, Krzyki-Gaj;Krzyki;2600;45
Nowoczesne 2pok*Gądów Mały*Idzikowskiego*Od września;Fabryczna;2700;37
Piękne mieszkanie na Biskupinie - 140m2, 2-poziomy;Śródmieście;12000;140
Wynajmę duże mieszkanie 3 pokoje;Psie Pole;2600;68
Nowoczesne mieszkanie do wynajęcia;Krzyki;5000;70
Mieszkanie 3 pokoje ul. WŁODKOWICA od 10.2022;Stare Miasto;4000;70
Apartament 3 pok. 85,5mkw CENTRUM + m. parkingowe podziemne;Stare Miasto;3500;85
Wolne pokoje/ Stadion miejski/ dom z ogrodem;Fabryczna;600;55
Mieszkanie 76 m  3 pokoje;Krzyki;3600;76
Przytulne mieszkanie na wynajem;Krzyki;2500;41
Wynajme mieszkanie 2-pokojowe ul. Teczowa 50m2;Stare Miasto;3200;50
Roosvelta 3 pokoje od zaraz;Śródmieście;3500;65
Piękne pokoje dla osób pracujących/  TOP/ Tylko dla firm/ mieszkania;Stare Miasto;650;100
"Mieszkanie 44 m2 ;2 pokoje ;Taras 18 m2;";Krzyki;3100;44
"""Biała Maria"" - wraca na salony";Psie Pole;6500;92
Do Wynajecia Wroclaw Loft Psie Pole Mlyn Rozanka Mieszkanie 2 Pokoje;Psie Pole;4500;45
Mieszkanie 2-pok., ul. Garbary - 300 m od Rynku;Stare Miasto;3300;50
Nowoczesne, w pełni wyposażone mieszkanie blisko cetrum;Krzyki;2900;45
3 pokoje/ 63 m2/ Grabiszyńska/blisko parku/ obniżka ceny!!!;Fabryczna;3300;63
Mieszkanie krzyki- partynice tarasem- zarezerwowane;Krzyki;2900;46
Wynajmę mieszkanie 2 pok. 60 mkw;Śródmieście;2400;60
Rezerwacja Do 7.09;Krzyki;8000;110
Centrum Huby 4 przestronne pokoje kamienica 1.10;Śródmieście;5100;110
4 pokoje/ Duży balkin/ Od zaraz/ Orbita;Fabryczna;3200;70
Wynajem mieszkania Wrocław/Ołbin;Śródmieście;3500;44
W parku zielona wyspa apartament ogród bez prowizj;Śródmieście;6990;85
Kawalerka PREMIUM - Powstańców Śląskich, Wrocław;Krzyki;2500;25
DUŻY POKÓJ 2 łazienki, ogródek WOJSZYCE;Krzyki;2800;55
Nowe 2pokoje z balkonem, komórką i garażem Tęczowa;Stare Miasto;3500;37.58
Nowe 2 pokoje Krzyki-Wojszyce;Krzyki;2950;44
Mieszkanie 100m od rynku, ul Kotlarska;Stare Miasto;2500;37
1 pokój 35 m2 Klecina osobna kuchnia REZERWACJA;Krzyki;2200;35
mieszkanie 3 pokoje, zatorska, zakrzów,  wysoki standard.;Psie Pole;3000;54
Przy hotelu Hilton,winda,balkon,ogrz.miejskie.;Stare Miasto;2800;65
4 Pokoje | Centrum | Pełen rozkład;Stare Miasto;4800;75
Nowe 2-pokojowe mieszkanie w Smolcu (1km od Wrocławia);Fabryczna;2600;43
2 pokoje na Gaju ul. Krynicka od zaraz / balkon;Krzyki;2650;52
Wynajmę nowe mieszkanie, duży balkon-Jesionowa-Krzyki;Krzyki;2900;34
Apartament na prestiżowym osiedlu Angel City;Stare Miasto;4200;43
Wrocław krzyki Gaj wynajem mieszkania 75 m kw;Krzyki;3200;75
Mieszkanie do współdzielenia- REZERWACJA;Stare Miasto;1500;48
Nowe ekskluzywne mieszkanie Port Popowice - park;Fabryczna;5000;46
2-pok. 55,7 m2 z oddzielną kuchnią Pl. Grunwaldzki;Śródmieście;2500;55.70
Słoneczna kawalerka z balkonem przy pl. Grunwaldzkim - wysoki standard;Śródmieście;2000;25
Kawalerka, okolice Rynek CO+CW miejskie, 2400zł opłaty wliczone;Stare Miasto;2400;18
kawalerka z balkonem centrum;Stare Miasto;2000;30
120m2 wolne od października, super lokalizacja;Krzyki;6300;120
Centrum/Kepa, 9-pietro z widok, klimatyza, dostepn;Śródmieście;3450;42
BEZPOŚREDNIO-cicho-TANIO-40m2 - wyjście do PARKU;Krzyki;2250;40
Dostepne od dzis - Wynajme kawalerke 38 metrow ul. Kurkowa;Stare Miasto;2600;38
Nowa Kawalerka na Nadodrzu;Stare Miasto;2600;27
Luxury Apartment | First Tenant | Closed Estate;Śródmieście;8500;97
Nowa kawalerka 26m2 - Psie Pole - winda, wysoki standard, nowy budynek;Psie Pole;2080;28
Bez pośredników! , dwupokojowe 37m, od 1.10.22r.;Krzyki;2300;37
Bez kaucji | Bez prowizji | 1 pokój 24 mkw;Psie Pole;2700;24
Wynajmę mieszkanie dwupokojowe;Krzyki;3000;36
Kawalerka w centum miasta (Kościuszki/Świstackiego);Śródmieście;2500;30
do wynajęcia Browar Piastowski Loft 3p z ogródkiem   i garażem;Śródmieście;5000;60
Kawalerka-Agat ul.Rogowska 129a;Fabryczna;2200;22
Apartament z tarasem i jacuzzi;Krzyki;5000;40
Do wynajęcia kawalerka 31m;Fabryczna;2500;31
Loft_Garaż_Komórka_2_Pokoje_Wysokość_3,7m_BrowaryW;Śródmieście;4400;32
Комнаты , Койко места;Krzyki;700;35
Looking for a studio/room in 2 rooms apartment(girls only) in Wroclaw;Stare Miasto;1000;30
2 pokojowe / Rozkładowe / Centrum!;Krzyki;3200;44
2 pokoje/ Od zaraz/ Krómera;Stare Miasto;2500;54
Atal Towers Sikorskiego 3 pok z ogródkiem;Stare Miasto;4800;55
2 Pokoje/ Rozkładowe/ Centrum/ Od zaraz;Stare Miasto;3000;44
4-pokojowe mieszkanie przy ul. Podwale/English;Stare Miasto;4500;108.40
Kawalerka na Walońskiej / Angel River - najem do maja;Krzyki;2800;25
Mieszkanie 2 pokoje - ul. Jesionowa 47 Wrocław Krzyki;Krzyki;3000;44
Apartament w centrum Wroclawia;Śródmieście;3800;55
Mieszkanie do wynajmu 68,5m2 3 pokoje, Huby Krzyki;Krzyki;3800;68.50
For Rent! | Apartament, Śródmieście;Śródmieście;4800;57
Ekskluzywny apartament|Od ZARAZ|2 pokoje(Eng/UA);Stare Miasto;4500;50
Mieszkanie - 2 pokoje, osobna kuchnia, balkon;Psie Pole;2600;49
Mieszkanie blisko rynku /Wrocław;Stare Miasto;2850;54
Kawalerka 33m2 od zaraz, Wrocław ul. Skarbowców;Krzyki;2200;33
Centrum Wrocławia/ pokoje dla pracowników przy strefie;Stare Miasto;650;55
mieszkanie do wynajecia !;Krzyki;2200;30
Mieszkanie 2 pokoje, Sienkiewicza 44, Pl. Grunwaldzki;Śródmieście;3200;51
Wynajmę dwupokojowe mieszkanie we Wrocławiu ul.Lwowska;Stare Miasto;2700;40
