name;localisation;price;area;rooms
- Centrum - 64m2 - pełny rozkład- Pl. Muzealny; Stare Miasto;5000;64.0;3.0
Mieszkanie z zielonym ogrodem 50m2 OLTASZYN KRZYKI; Krzyki;4900;54.5;2.0
Przytulne mieszkanie na wynajem; Krzyki;2500;41.0;2.0
Mieszkanie 2021 + m.parkingowe Osiedle Malownicze; Fabryczna;3800;60.0;3.0
Na wynajem mieszkanie ul. Wilanowska Wrocław; Psie Pole;2300;50.0;2.0
Dwupokojowe, Mosiężna 50 m2 !!!!!!REZERWACJA!!!!!; Fabryczna;2600;50.0;2.0
3 Pokoje-Balkon - Garaż/Śródmieście /ul. Długosza; Śródmieście;3300;48.0;3.0
Atrakcyjna kawalerka z balkonem przy Legnickiej.; Stare Miasto;2400;29.5;1.0
Ciche mieszkanie z dużym ogrodem, garaż; Psie Pole;2600;40.0;2.0
Wynajmę 2-pok, komfort, klima, 46 m2, Krzyki/Ołtas; Krzyki;2600;46.0;2.0
- Centrum - 64m2 - pełny rozkład- Pl. Muzealny; Stare Miasto;5000;64.0;3.0
⭐ 3 pok. ⭐ Krzycka⭐ Luksusowe Wykończenie od zaraz; Krzyki;6900;71.3;3.0
WYSZYŃSKIEGO 24m2 ciche ciepłe CO miejskie po rem.; Śródmieście;1900;24.0;1.0
Mieszkanie otoczone zielenią, rozkładowe, ciche; Fabryczna;3900;48.0;2.0
Mieszkanie 57m2, 2 sypialnie Kamieńskiego; Psie Pole;3500;57.0;3.0
Apartament Sky Tower piętro 28; dolnośląskie;11000;70.0;2.0
Stylowe mieszkanie blisko Rynku i Uniwersytetu; Nadodrze;2800;60.0;2.0
Mieszkanie 2 pokoje, 50m2, odnowione, KLIMATYZACJA; Psie Pole;3500;50.0;2.0
Luksusowo wykończone 3-pokoje w super lokalizacji; Krzyki;3500;56.0;3.0
Dwupoziomowe mieszkanie bezpośrednio od właściciel; Śródmieście;4300;110.0;3.0
★ Nowoczesny remont ★ Rewelacyjny widok ★ (En/Ua); Krzyki;3200;62.0;2.0
Mieszkanie do wynajęcia Wrocław 52m2 ul.Przyjazni; Krzyki;3000;52.0;2.0
3pokojowe mieszkanie w centrum z klimatyzacją; Fabryczna;4000;63.0;3.0
2 pok. mieszkanie, ul. Jesionowa, Wrocław, XVI p.; Krzyki;3200;41.5;2.0
Centrum,Kępa St.,balkon,garaż,wys.stand.,meble,5p.; Stare Miasto;2500;25.0;1.0
3 pokoje, Biskupin, Nowe Bud., duży balkon; Śródmieście;3100;60.0;3.0
Kawalerka na ul. Nyskiej Wrocław; Krzyki;2000;30.0;1.0
Mieszkanie do wynajęcia, Wrocław ul. Graniczna 42m; Fabryczna;2600;42.5;2.0
Mieszkanie 3 pokoje osiedle Wrocław Golf Club; Psie Pole;7500;81.0;3.0
Sołtysowice - Mieszkanie 3 pokojowe; Psie Pole;3500;60.0;3.0
Komfortowe 3 pokoje; Krzyki;3900;66.33;3.0
Stabłowice | 3 pokoje | balkon | winda | 2x garaż; Fabryczna;3000;50.0;3.0
Wynajmę słoneczne mieszkanie. Rok budowy 2018; Wrocław;2600;29.46;1.0
Komfortowe mieszkanie 2-pok.na Krzykach+parking; Krzyki;2900;41.0;2.0
Wynajem, zaraz przy Rynku, 100 m2, 2 duże pokoje !; Stare Miasto;3500;100.0;2.0
Luksusowe mieszkanie w zabytkowej kamienicy; Śródmieście;9000;127.0;3.0
Mieszkanie na Przedmieściu Oławskim, po remoncie; Krzyki;4500;83.0;4.0
Stylowe mieszkanie 2pok.na Browarach Wrocławskich; Śródmieście;4500;47.6;2.0
Stylowy apartament widokiem na Odrę | 3 pokoje; Nadodrze;4900;64.0;3.0
Wynajem mieszkania (nowe) -Wrocław-Fabryczna; Fabryczna;4500;60.0;3.0
Biskupin, Olszewskiego; Śródmieście;2800;52.0;2.0
Mieszkanie na Parkowej; Śródmieście;3500;67.0;2.0
Wynajmę mieszkanie 74m2 z dwoma ogródkami; Krzyki;3500;74.0;3.0
mieszkanie 100m2, taras, ogródek, na płd Wrocławia; dolnośląskie;5500;100.0;4.0
Angel City - 2 pokoje | Taras | Parking | GYM&SPA; Krzyki;4200;46.0;2.0
Widok na PARK. OGRÓD do wyłącznej dyspozycji!; Krzyki;6700;98.0;2.0
Nowoczesna KAWALERKA w centrum miasta ANGEL CITY; Krzyki;2750;28.0;1.0
4-pokojowe mieszkanie z ogrodem; Krzyki;8200;94.0;4.0
Elegancki, nowoczesny APARTAMENT KĘPA Mieszczańska; Stare Miasto;3600;40.0;2.0
Wynajmę mieszkanie 2 pokojowe, ul. Brodatego.; Śródmieście;2500;38.0;2.0
Mieszkanie z tarasem i parkingiem podziemnym!; Psie Pole;4300;44.0;2.0
"2-pokojowe na Gajowickiej; Wrocław-Krzyki-Powstańc"; Krzyki;2200;34.0;2.0
2 pokoje na Gaju ul. Krynicka od zaraz / balkon; Krzyki;2850;52.0;2.0
Mieszkanie 3 osobne pokoje balkon piwnica parking; Fabryczna;3800;70.0;3.0
Klimatyczne mieszkanie w centrum; Nadodrze;3200;37.0;2.0
Mieszkanie 37m2 | Promenady Wrocławskie|Zakładowa; Psie Pole;3000;37.0;2.0
3 pokoje / Księże Małe / tramwaj / 15 min do Rynku; Krzyki;3300;48.0;3.0
2-poziomowe, 77m2, pierwszy najem, wysoki standard; Krzyki;4200;77.0;3.0
Mieszkanie dwupokojowe w willi; Psie Pole;3500;60.0;2.0
PROMO! KOMFORT I CISZA w CENTRUM, 3 pokoje +kuchni; Fabryczna;4250;56.0;3.0
Mieszkanie 3-pokojowe, pierwszy najem, dwa ogrody; Krzyki;6000;73.0;3.0
komfortowe, nowoczesne_ul. Obornicka_os. Różanka; Psie Pole;2900;45.0;2.0
Klimatyczne 4-pokojowe mieszkanie w kamienicy; Śródmieście;5000;83.0;4.0
2 Pokoje | Krótki Najem | Ogródek; Fabryczna;2800;34.0;2.0
Mieszkanie w centrum Wrocławia 27 m2 2300 zł; Stare Miasto;2300;27.0;1.0
Trzy rozkładowe pokoje przy placu Orląt Lwowskich; Stare Miasto;3500;64.0;3.0
Nowe- Ul.Zielna, Z Miejscem Parkingowym; Psie Pole;2400;36.66;2.0
Mieszkanie Ogrody Hallera Premium; Fabryczna;5000;48.0;2.0
Rezerwacja -2 pokoje -, Angel City, parking,SPA&GY; Krzyki;4500;51.0;2.0
Apartament w Centrum dla wymagającego Klienta; Stare Miasto;4500;42.0;2.0
Apartament z dużym tarasem i bajecznym widokiem; Psie Pole;4000;68.17;4.0
Gwieździsta - wysoki standard- Miejsce parkingowe; Krzyki;4400;50.0;2.0
2-pokojowe mieszkanie na wynajem, ul. Żeromskiego; Śródmieście;2600;35.0;2.0
Mieszkanie z zielonym ogrodem 50m2 OLTASZYN KRZYKI; Krzyki;4900;54.5;2.0
4 pokojowe obok Hali Stulecia, parku, AM,PWR; Śródmieście;6000;110.0;4.0
Wyjątkowe dwa pokoje na Borku - garaż, trzy tarasy; Krzyki;3200;62.5;2.0
NOWE mieszkanie dwupokojowe z miejscem parkingowym; Fabryczna;2800;40.0;2.0
Ul. Deszczowa / Osiedle Archipelag Zieleni; Krzyki;2700;30.0;1.0
Wynajmę 2-pok, komfort, klima, 46 m2, Krzyki/Ołtas; Krzyki;2600;46.0;2.0
3pokojowe mieszkanie w centrum z klimatyzacją; Fabryczna;4000;63.0;3.0
2 pok. / okolice Sky Tower / Wyposażone / 0% prow; Krzyki;3500;45.0;2.0
Piękny apartament po generalnym remoncie z widokie; Stare Miasto;4000;45.0;2.0
Centrum/Kepa, 9-pietro z widok, klimatyza, dostepn; Śródmieście;3450;42.0;2.0
2 pokojowe - Różanka; Psie Pole;3000;45.0;2.0
3 pokojowe mieszkanie na Popowicach; Fabryczna;3500;50.0;3.0
Luksusowy apartament z tarasem przy parku; Śródmieście;6800;80.0;2.0
Mieszkanie 3pokojowe dla pary lub singla | Centrum; Krzyki;3300;50.0;3.0
Mieszkanie 3 pokojowe - Grabiszyńska; Fabryczna;4000;46.0;3.0
Wojszyce*3 Pokoje 59,16 M*Ogródek 52,60M*Garaż; Krzyki;4400;59.16;3.0
Legnicka, Popowice, Magnolia - bez pośredników; Fabryczna;3100;38.25;2.0
Wrocław/Krzyki/Borek,60 m2, ogródek, od zaraz; Krzyki;3000;60.0;3.0
Komfortowe mieszkanie z dużą antresolą tuż przy Pa; Krzyki;4000;82.0;4.0
Kawalerka 25m2 Stare Miasto Szczepin; Stare Miasto;2200;25.0;1.0
Mieszkanie - Wrocław Poświętne; Psie Pole;2400;27.0;1.0
Mieszkanie Gaj 50 m2 - Zarezerwowane; Krzyki;2700;50.0;2.0
Luksusowy apartament w centrum Wrocławia; Fabryczna;4000;50.0;2.0
Mieszkanie 2-pokojowe nad rzeką | Księcia Witolda; Śródmieście;4699;50.0;2.0
3 pokoje/komfort/nowe/m.postojowe; Psie Pole;3900;52.0;3.0
super oferta/Psie Pole/nowe/komfort/m.postojowe; Psie Pole;3000;40.0;2.0
Mieszkanie 2pok+mały salon, centrum, klimatyzowane; Śródmieście;3000;43.0;2.0
Apartament z tarasem i jacuzzi; Krzyki;5000;40.0;2.0
Mieszkanie 3 pokojowe, okolice ul. Bajana; Fabryczna;3200;63.0;3.0
Mieszkanie Trzypokojowe Nadodrze; Nadodrze;3200;51.7;3.0
Ładne mieszkanie 2 pokojowe Corte Verona od 1/09; Fabryczna;2800;37.0;2.0
Mieszkanie wynajmę dni / miesiąc /dwa/długi termin; Krzyki;3600;45.0;2.0
Doskonałe dla singla lub pary; Fabryczna;1500;23.5;1.0
Kawalerka PREMIUM - Powstańców Śląskich, Wrocław; Krzyki;2500;25.0;1.0
Wynajme Mieszkanie 2 pokojowe; Psie Pole;2300;38.0;2.0
Nowy Apartament 43 Mkw. Dla Menadżera. Ok.Sky Towe; Krzyki;3300;43.0;2.0
REZERWACJA !!2 pok. w centrum/34 m2/garaż/kom. lok; Krzyki;2900;34.0;2.0
2 pokoje w pełnym rozkładzie; Fabryczna;2900;53.0;2.0
Mieszkanie na osiedlu Gaj 68 m2; Krzyki;3800;68.0;3.0
Ul.Bacciarellego*2 Pokoje * Rozkład*Biskupin*; Śródmieście;2500;47.0;2.0
Centrum*Ul. Kościuszki *2 Pokoje 51m* Rozkładowe; Krzyki;2300;51.0;2.0
Słoneczny apartament w centrum Wrocławia; Stare Miasto;2350;32.0;1.0
Mieszkanie, 61 m², Wrocław; Śródmieście;5900;61.0;2.0
Mieszkanie, 40 m², Wrocław; Stare Miasto;5500;40.0;2.0
Mieszkanie 3-pokojowe, pierwszy najem, dwa ogrody; Krzyki;6000;73.0;3.0
Mieszkanie wynajmę dni / miesiąc /dwa/długi termin; Krzyki;3600;45.0;2.0
Piękne mieszkanie na Biskupinie - 140m2, 2-poziomy; Śródmieście;12000;140.0;5.0
Przepiękne mieszkanie w stylu loftowym,nowiutkie; Psie Pole;2900;48.13;2.0
Przepiękne mieszkanie w stylu Skandynawskim,nowe; Psie Pole;2900;48.77;2.0
Mieszkanie z balkonem przy Legnickiej, k/Magnolii; Stare Miasto;2600;26.0;1.0
Wrocław Krzyki, ulica Przyjaźni - wynajem długoter; Krzyki;3800;62.0;3.0
Piękne słoneczne mieszkanie, Ołtaszyn !!!; Krzyki;3700;56.45;3.0
2 pokojowe przy parku Klecińskim, Krzyki, od 01.09; Krzyki;2900;41.26;2.0
Centrum|2 pok|40 m2|garaż|klima|wysoki strop; Śródmieście;3200;40.0;2.0
Wynajmę mieszkanie 3 pokojowe; Krzyki;3500;48.0;3.0
2 Pokoje / Plac Grunwaldzki / Ogrody Reja; Śródmieście;3270;52.1;2.0
Piękne 2-Pokojowe Z Balkonem - Krzyki; Krzyki;3700;38.0;2.0
Mieszkanie koło Sky Tower; Krzyki;3500;35.0;1.0
Wynajmę mieszkanie ul. Traugutta 144; Śródmieście;2600;35.0;1.0
3-pokojowe mieszkanie z balkonem; Krzyki;3500;58.0;3.0
Mieszkanie, 68,14 m², Wrocław; Stare Miasto;7500;68.14;3.0
Nowe mieszkanie 3 pokojowe z balkonem; Krzyki;4500;66.88;3.0
mieszkanie 4 pok Grabiszynek; Fabryczna;10500;106.5;4.0
Pierwszy najem - 2 pokoje+garaż - wysoki standard; Krzyki;3500;45.0;2.0
5 pok | Zielona okolica | Taras; Śródmieście;12000;138.0;5.0
Legionów- centrum ROK Akademicki Bez Prowizji; Stare Miasto;2550;37.0;1.0
Ekskluzywna Kawalerka Wrocław Śródmieście klima; Śródmieście;2700;33.0;1.0
Nowe 2 pokoje Krzyki-Wojszyce; Krzyki;2950;44.0;2.0
Znakomita lokalizacja| Kawalerka 25m2; Krzyki;1800;25.0;1.0
Mieszkanie ok. Pl. Bema , 32 m.kw. , 2 pokoje; Śródmieście;3000;32.0;2.0
Atrakcyjne mieszkanie, 3 oddzielne pokoje, Krucza; Krzyki;3500;58.0;3.0
Wynajmę 2 pokojowe mieszkanie ul.Nyska; Krzyki;3600;52.0;2.0
2 pokojowe rozkładowe Świeradowska Gaj; Krzyki;3300;48.0;2.0
nowa kawalerka - Legnicka 60 c; Fabryczna;2050;16.41;1.0
4-pokojowe z dużym balkonem; Fabryczna;3500;84.0;4.0
Mieszkanie - WROCŁAW; Fabryczna;2499;49.0;2.0
✅Blisko Akademii Medycznej✅Akceptujemy zwierzaki✅; Krzyki;2700;38.0;2.0
Mieszkanie 3-pok | Parking | Garderoba| Balkon; Krzyki;3700;85.0;3.0
Kawalerka, Krzyki, ul.Braterska, ogródek, garaż; Krzyki;2500;24.0;1.0
Nowe i funkcjonalne! Blisko Pl. Grunwaldzki; Śródmieście;2400;27.0;1.0
Grabiszyńska mieszkanie 2 pokoje nowe; Fabryczna;3500;34.0;2.0
Norweska - Muchobór Mały/2 pokoje+kuchnia/ wolne!; Fabryczna;2300;45.0;2.0
Trzypokojowe mieszkanie/Klimasa/Di Trevi; Krzyki;3500;61.29;3.0
Nowoczesna KAWALERKA w centrum miasta ANGEL CITY; Krzyki;2750;28.0;1.0
NOWE mieszkanie dwupokojowe z miejscem parkingowym; Fabryczna;2800;40.0;2.0
Przytulne mieszkanie na wynajem; Krzyki;2500;41.0;2.0
Bulwary Książęce Klima Beautifull Apartament; Śródmieście;4200;43.0;2.0
Przy Uniwersytecie Ekonomicznym!; Krzyki;3000;46.0;2.0
Jagodno, 2021,balkon, winda, msc.post.komórka; Krzyki;4500;66.88;3.0
Pilczyce / 3 pok/ Wyposażone/ M-ce park./ 0% prow.; Fabryczna;4500;68.0;3.0
SIENKIEWICZA, 2 pokoje, 43 m2, duży balkon, garaż; Śródmieście;3250;43.0;2.0
#Lux Apartament 4 Pok. Umebl. Oporów Ul. Jutrzenki; Fabryczna;5900;101.0;4.0
Starter | Mikroapartament; Śródmieście;2300;14.0;1.0
2 pok. / okolice Sky Tower / Wyposażone / 0% prow; Krzyki;3500;45.0;2.0
Biskupin, 2 pokoje, taras, garaż, pierwszy najem; Śródmieście;4000;42.0;2.0
Apartament na Wrocławskich Krzykach 15 min do Pkp; Krzyki;3450;40.0;2.0
Nowe ekskluzywne mieszkanie Port Popowice - park; Fabryczna;5000;46.0;2.0
Atrakcyjne mieszkanie w okolicach centrum; Śródmieście;3000;32.0;1.0
2 pok. mieszkanie w centrum ul.Żelazna[REZERWACJA]; Fabryczna;2700;60.0;2.0
Kawalerka 24m2 - 2200 zł, Gajowicka, niski czynsz; Krzyki;2200;24.0;1.0
Dwupokojowe 36m2, Fabryczna (Oferta wstrzymana); Fabryczna;2380;36.0;2.0
ul. Miernicza, 94 mkw, 3 pokoje, 2 piętro, Co, Cw; Krzyki;4000;94.0;3.0
Nowe, komfortowe studio - pierwszy najem!; Fabryczna;2050;19.0;1.0
Dwupokojowe mieszkanie z klimatyzacją Tarnogaj; Krzyki;2600;45.0;2.0
Do wynajęcia apartament - ul. Krawiecka; Rynek;4500;78.0;2.0
Mieszkanie Drobnera 32 m., 2 pokoje; Śródmieście;3000;32.0;2.0
120m2 wolne od października, super lokalizacja; Krzyki;6300;120.0;3.0
Mieszkanie 3 pokojowe Grabiszynek; Fabryczna;3200;64.0;3.0
Apartamenty Księcia Witolda Lux nowe 50m2 klimatyz; Stare Miasto;5200;50.0;2.0
Rezerwacja Taras 38m2 - Garaż - Kawalerka 27m2; Fabryczna;2000;27.0;1.0
Klimatyczna Kawalerka W Rynku, Wrocław; Rynek;3500;22.33;1.0
Wrocław Stare Miasto ul.Tęczowa; Stare Miasto;3200;46.0;2.0
Wrocław/ Studio 37m2 OGRODY HALLERA + duży taras; Fabryczna;2600;37.0;1.0
pl. Grunwaldzki | Wysoki standard | 2 pokoje; Śródmieście;3400;58.0;2.0
Ok, Sky Tower, pierwszy wynajem, komfortowe, garaz; Krzyki;3300;43.0;2.0
Mieszkanie na wynajem od zaraz !; Krzyki;2000;30.0;1.0
Piękna_Kawalerka_Z_Antresolą_25m2_Ogródek!; Stare Miasto;2500;25.12;1.0
Kawalerka z balkonem| Garaż; Krzyki;2500;33.0;1.0
BEZPOŚREDNIO-cicho-TANIO-40m2 - wyjście do PARKU; Krzyki;2250;40.0;1.0
Na wynajem mieszkanie 3 pok, Legnicka 55, Wrocław; Fabryczna;4200;77.0;3.0
Mieszkanie/2 pokoje z ogródkiem/Tęczowa/3 Miesiące; Stare Miasto;3200;47.0;2.0
(PL/RU/ENG) Dwa Pokoje | Blisko centrum | Od Zaraz; Stare Miasto;3500;50.0;2.0
Centrum|2 pok|40 m2|garaż|klima|wysoki strop; Śródmieście;3200;40.0;2.0
kawalerka do wynajęcia Wrocław-Krzyki; Krzyki;2500;33.0;1.0
Apartament LOFT Angel City, Siłownia i SPA; Stare Miasto;5000;57.0;2.0
Super Kawalerka | os. kuchnia, balkon | Gajowicka; Krzyki;2200;35.0;1.0
Nowe 3 pokojowe na wynajem !; Psie Pole;4500;63.75;3.0
Przytulne trzypokojowe mieszkanie; Stare Miasto;4500;64.0;3.0
2 pokojowe od zaraz - Plac Powstańców Śląskich 1; Krzyki;4000;68.0;2.0
Piękne, nowe, komfortowe, winda, balkon, CENTRUM; Stare Miasto;3300;37.0;2.0
Świeżo po remoncie 3 pokoje ul. Zaporoska; Krzyki;3200;46.48;3.0
2 pokojowe, blisko Pl. Grunwaldzkiego; Śródmieście;3270;52.0;2.0
Mieszkanie, 40 m², Wrocław; Śródmieście;2900;40.0;2.0
Salon z aneksem + balkon | Borowska; Krzyki;2700;47.0;2.0
Angel River 2 pokoje, garaż, SPA&GYM; Stare Miasto;3500;42.0;2.0
Nowe, Strzeżone osiedle, Szybki dojazd do centrum; Krzyki;2900;29.0;1.0
Ul. Jana Pawła II _ Nowoczesne Studio _ Antresola; Stare Miasto;3000;25.0;1.0
Lux mieszkanie 3km do centrum 3 pokoje, 1 piętro; Krzyki;4000;68.0;3.0
Mieszkanie 2 pokoje na wynajem; Krzyki;6000;48.0;2.0
REZERWACJA DO 7.09; Krzyki;8000;110.0;4.0
Apartament centrum miasta2 pokoje siłownia garaż; Krzyki;3530;40.0;2.0
Nowe mieszkanie 55m2 + 2 ogródki | wysoki standard; Fabryczna;5700;55.0;3.0
Kawalerka, 1 km od Rynku, Wysoki standard; Krzyki;2800;30.0;1.0
Prestiżowy i Elegancki Pałac -Pl. Grunwaldzki; Śródmieście;7000;77.0;3.0
Jasne 4pok, rozkład, po remoncie,super lokalizacja; Nadodrze;4800;75.0;4.0
* 3 Pok*Pełny rozkład*Krzyki*Ślężna*; Krzyki;5000;70.0;3.0
3pokojowe mieszkanie PIlczyce; Fabryczna;3000;68.0;3.0
Mieszkanie 50m2 przy ul. Gorlickiej (PSIE POLE); Psie Pole;2650;50.0;2.0
2 pokoje z balkonem i garażem - ul. Krzycka; Krzyki;3100;52.12;2.0
Piękne mieszkanie w Kamienicy Centrum 3pok; Śródmieście;5000;68.0;3.0
Wynajmę 2 Poziomy-Garaż-Balkon-115 m2; Fabryczna;5000;115.0;5.0
2 Pokoje - 2 Garaże- 2 Balkony / Krzyki; Krzyki;3000;43.0;2.0
Rozkładowe mieszkanie dla 5-6 osób; Stare Miasto;3000;64.0;3.0
Atrakcyjne mieszkanie, 3 pokoje, lokalizacja!; Stare Miasto;3700;64.0;3.0
2pok. nowe bud., ul. Pilczycka, 2950zł za wszystko; Fabryczna;2500;37.0;2.0
Wymajmę w pełni umeblowane mieszkanie; Krzyki;2700;37.0;2.0
Kawalerka w biznesowym centrum Wrocławia; Fabryczna;3800;31.0;1.0
Piękna kawalerka blisko centrum - od 1.08.2022; Fabryczna;2900;29.0;1.0
Do wynajęcia kawalerka 31m; Fabryczna;2500;31.0;1.0
Mieszkanie, 100 m², Wrocław; Krzyki;6700;100.0;2.0
Apartament Centrum 50m2! 15 piętro Atal Towers; Stare Miasto;5000;50.0;2.0
3 pokoje / Księże Małe / tramwaj / 15 min do Rynku; Krzyki;3300;48.0;3.0
Kawalerka 24m2 - 2200 zł, Gajowicka, niski czynsz; Krzyki;2200;24.0;1.0
Przytulne mieszkanie na wynajem; Krzyki;2500;41.0;2.0
Studio Angel City garaż ~ siłownia i SPA; Stare Miasto;2900;28.0;1.0
Wynajem mieszkania (nowe) -Wrocław-Fabryczna; Fabryczna;4500;60.0;3.0
Nowoczesne mieszkanie z antresolą - Jana Pawła II; Stare Miasto;3300;56.0;2.0
2 pokoje, miejsce postojowe Angel City SPA&GYM; Stare Miasto;4000;42.5;2.0
Atrakcyjne 2-pok, garaż, os. Lokum da Vinci, f.VAT; Fabryczna;3500;48.7;2.0
Mieszkanie Pl. Grunwaldzki, 2pokoje+balkon+kom.lok; Śródmieście;3800;47.82;2.0
Angel City 2 pokoje z miejscem postojowym SPA&GYM; Stare Miasto;4100;44.0;2.0
Piękne mieszkanie | Klimatyzacja | Siłownia; Fabryczna;2600;40.0;2.0
2-pokojowe, nowe Krzyki, ul. Skarbowców; Krzyki;3990;35.0;2.0
Traugutta 2 pokoje+miejsce postojowe klimatyzacja; Krzyki;4200;43.0;2.0
Idealne mieszkanie dla pary, położenie przy RYNKU; Wrocław;4400;61.0;2.0
2 Pokoje/ Taras/ z 2020r./ Wysoki Standard/Huby; Krzyki;3500;37.0;2.0
Apartamenty Księcia Witolda, duży taras,dwa pokoje; Śródmieście;4700;48.0;2.0
Traugutta/Walońska 2 sypialnie+kuchnia z jadalnią; Śródmieście;4000;44.0;2.0
Kawalerka z ogródkiem ul.Gorlicka; Psie Pole;2200;29.0;1.0
2 pok | Port Popowice | Klimatyczne; Fabryczna;4200;46.0;2.0
4 pok | Krzyki | Klimatyzowane | Wis; Krzyki;6300;150.0;4.0
3 pokojowe 87m2, piękna kamienica, ul. Gajowa Huby; Krzyki;4500;87.75;3.0
Apartament Stare Miasto ul.Sikorskiego Atal Towers; Stare Miasto;4000;50.0;2.0
Apartament 10 min do rynku, ul. Legnicka Ua/Eng; Stare Miasto;2700;25.0;1.0
Mieszkanie 3 pokojowe 70 m2 | Zakrzów; Psie Pole;3200;70.0;3.0
Kawalerka | Garaż | Balkon; Krzyki;2600;30.0;1.0
Wynajmę 3 pokojowe mieszkanie na Jagodnie; Krzyki;4500;68.0;3.0
Nowe 2pokoje z balkonem, komórką i garażem Tęczowa; Stare Miasto;3500;37.58;2.0
Just in Center apartament - Wrocław Stare Miasto; Stare Miasto;3800;56.0;2.0
Wynajem; Krzyki;2000;34.0;1.0
Mieszkanie, 40 m², Wrocław; Krzyki;3000;40.0;2.0
Luksusowe apartamenty | Krzyki; Krzyki;8600;84.0;3.0
Niepowtarzalne mieszkanie 52 m2 | Kleczków; Psie Pole;3000;52.0;2.0
Kawalerka dla 2-3osób 23%Vat; Krzyki;2160;21.0;1.0
Loft_Garaż_Komórka_2_Pokoje_Wysokość_3,7m_BrowaryW; Śródmieście;4400;32.0;2.0
Piękne mieszkanie na Biskupinie - 140m2, 2-poziomy; Śródmieście;12000;140.0;5.0
Wynajmę mieszkanie - okolice pl. Bema, Śródmieście; Śródmieście;2700;64.0;2.0
Dwa pokoje z widokiem na rzekę-Miasto Marina fv8%; Krzyki;3450;49.0;2.0
Wrocław Kawalerka; Śródmieście;2790;39.0;2.0
Piękne Mieszkanie W Centrum; Krzyki;4000;48.0;2.0
Stabłowice | 3 pokoje | balkon | winda | 2x garaż; Fabryczna;3000;50.0;3.0
3 pokojowe mieszkanie na Popowicach; Fabryczna;3500;50.0;3.0
nowa kawalerka - Legnicka 60 c; Fabryczna;2050;16.41;1.0
2 pokojowe / Reja / Bezpośrednio; Śródmieście;3100;50.0;2.0
4-Pokojowy Apartament 150 m2, ogród, klimatyzacja; Krzyki;6300;150.0;4.0
Duża Kawalerka na Psim Polu; Psie Pole;1700;40.0;1.0
Pokój jednoosobowy do wynajęcia; Fabryczna;850;11.0;1.0
Ładne, wygodne mieszkanie; Fabryczna;2500;53.0;2.0
Wrocław-Psie Pole-2 pokoje- Mieszkanie w willi; Psie Pole;2200;40.0;2.0
Lokal apartament 100m, 6 pokoi; Krzyki;8000;100.0;6.0
Wynajmę mieszkanie 2 pokojowe!; Fabryczna;3500;42.0;2.0
Nowe budownictwo, BALKON, WYPOSAŻONE!; Krzyki;2800;55.9;2.0
OkoliceSępolna,3pok,balkon,klima,lux,wyposaż,garaż; Psie Pole;4500;60.0;3.0
Ścisłe centrum ★ Widok na zieleń ★ Przestronne; Stare Miasto;3000;56.0;2.0
Przytulne mieszkanie na wynajem; Krzyki;2500;41.0;2.0
Mieszkanie, 54,30 m², Wrocław; Krzyki;3000;54.3;2.0
Mieszkanie 67m, Wrocław, Grabiszyn; Fabryczna;3200;67.0;3.0
Mieszkanie : 2 duże pokoje dla 4 Studentek 60m2; Śródmieście;3000;60.0;2.0
Śródmieście, Słowiańska, 2 pokoje, winda; Śródmieście;3000;55.0;2.0
2 pokoje, kuchnia, balkon, internet, bezpośrednio; Nadodrze;2700;42.0;2.0
kawalerka do wynajęcia Wrocław-Krzyki; Krzyki;2500;33.0;1.0
Apartament LOFT Angel City, Siłownia i SPA; Stare Miasto;5000;57.0;2.0
Nowe Mieszkanie w Port Popowice; Fabryczna;3200;34.42;2.0
REZERWACJA Mieszkanie- 2 pokoje, garaż podziemny; Fabryczna;2200;40.0;2.0
Biała Maria - wraca na salony; Psie Pole;6500;92.0;2.0
Funkcjonalna kawalerka | Pierwszy najem |; Krzyki;2500;25.0;1.0
Parking-2Pok-Balkon-Ac-Wlońka-Centrum-Krzyki-Przed; Krzyki;4200;44.0;2.0
Mieszkanie - Wrocław Fabryczna; Fabryczna;2800;42.0;2.0
MIeszkanie w pełni rozkładowe 4-p Krzyki Gaj; Krzyki;4500;82.0;4.0
2-pokojowe mieszkanie - 38m2, ul. Augustowska; Fabryczna;2500;40.0;2.0
Wynajmę mieszkanie przy ul. Borowskiej; Krzyki;2700;50.0;2.0
Mieszkanie 3-pok | Winda | Rozkład | Traugutta; Krzyki;4000;73.0;3.0
Nieruchomość Godna Uwagi!!! od 1 września; Krzyki;2500;38.0;2.0
Wrocław/Krzki/Wichrowa 48m2 balkon i garaż; Krzyki;3200;48.0;2.0
Na wynajem 2 pokoje, Angel City, parking, SPA&GYM; Śródmieście;4200;43.0;2.0
Mieszkanie 2 pokojowe, Stabłowice; Fabryczna;1500;45.0;2.0
(PL/RU/ENG) Olimpia Port | Dwa Pokoje | Garaż; Psie Pole;3800;50.0;2.0
Słoneczne czteropokojowe mieszkanie na Ołtaszynie; Krzyki;4900;87.0;4.0
Studio w Angel River z miejscem postojowym GYM&SPA; Stare Miasto;2900;26.0;1.0
Apartament Sky Tower piętro 28; dolnośląskie;11000;70.0;2.0
Legnicka, Popowice, Magnolia - bez pośredników; Fabryczna;3100;38.25;2.0
Mieszkanie Gaj 50 m2 - Zarezerwowane; Krzyki;2700;50.0;2.0
Rynek, Ul Oławska, Zadbana Kawalerka, 33m2, IIp.; Rynek;2800;33.0;1.0
Rozkładowe 2pokoje,Top standard,komórka lokatorska; Fabryczna;3000;54.0;2.0
Apartament - Stare Miasto - Komfort - Lokalizacja; Stare Miasto;1775;18.0;1.0
Apartament do wynajęcia 73m/2; Krzyki;4000;73.0;4.0
Mieszkanie w centrum do wynajęcia dla studentów; Krzyki;3050;26.0;1.0
Gotowe do zamieszkania / 2p. Nyska , Komfortowe; Krzyki;3500;45.1;2.0
4-pokojowe mieszkanie przy ul. Podwale/English; Stare Miasto;4500;108.4;4.0
Duża kawalerka w samym Centrum - ul. Oławska; Stare Miasto;2900;45.0;1.0
Tanie mieszkanie 2 osobne pokoje w samym Rynku!!!; Stare Miasto;2600;60.0;2.0
3 pokoje / balkon / klimatyzacja / ul. Wojaczka; Fabryczna;4000;68.0;3.0
Mieszkanie, 59 m², Wrocław; Fabryczna;2800;59.0;3.0
Do wynajęcia Biuro / Kawalerka; Stare Miasto;2400;35.0;3.0
Centrum / klimatyzacja / balkon!; Śródmieście;2400;31.0;1.0
Mieszkanie na Psim Polu do WYNAJĘCIA; Psie Pole;2300;52.0;2.0
Mieszkanie 3 pokojowe na Gaju; Krzyki;3200;61.2;3.0
do wynajecia mieszkanie karłowice wrocław; Psie Pole;2200;36.0;2.0
3 Pokoje na zamkniętym osiedlu; Krzyki;3800;60.0;3.0
Mieszkanie na Biskupinie we Wrocławiu do WYNAJĘCIA; Śródmieście;2500;52.0;2.0
Dożynkowa, 2 pokoje, ogródek, garaż!; Krzyki;2800;42.0;2.0
W parku zielona wyspa apartament ogród; Śródmieście;7999;85.0;3.0
Wynajmę nowoczesny apartament na Kleczkowskiej; Psie Pole;6200;80.0;4.0
Walońska 2 pokoje do wynajęcia 43m2 Nowe; Śródmieście;4000;43.0;2.0
wynajem mieszkanie 73m - 3 pokoje Sępolno/Biskupin; Śródmieście;5600;73.0;3.0
KRZYKI BOREK 3 pok., 2 balkony, garaż, obok parków; Krzyki;3500;64.0;3.0
NOWA po remoncie kawalerka w centrum Wroclawia; Fabryczna;2800;25.0;1.0
Kawalerka z oddzielną kuchnią Biskupin; Śródmieście;1500;27.9;1.0
1. najem | 2 łazienki | garderoba | m. postojowe; Krzyki;4000;50.0;2.0
Klimatyzowane 2- osobne pokoje OGRODY HALLERA; Fabryczna;3800;52.0;2.0
Przedmieście Oławskie/ 2 pok z klimatyzacją; Krzyki;3500;44.36;2.0
Kawalerka z osobną kuchnią w Rynku!; Stare Miasto;2800;34.0;1.0
z ogrodem, Nowa Toskania, wysposażone; Krzyki;3300;46.0;2.0
LUX, Nowe - 2 pokoje, garaż, 2 balkony. Bez pośre; Fabryczna;3000;45.0;2.0
3 pokoje, 59 m2, widok na Park Pilczycki, klima; Fabryczna;3700;59.0;3.0
Apartament w świetnej lokalizacji!; Stare Miasto;3400;45.0;2.0
Bardzo ładne mieszkanie ul. Kunickiego M. Wielki; Fabryczna;3800;60.0;2.0
Mieszkanie w doskonałej lokalizacji ul. Pawłowa; Stare Miasto;2700;52.0;2.0
PROMO! KOMFORT I CISZA w CENTRUM, 3 pokoje +kuchni; Fabryczna;4250;56.0;3.0
Mieszkanie 3 pokojowe Grabiszynek; Fabryczna;3200;64.0;3.0
Wynajmę 2 Poziomy-Garaż-Balkon-115 m2; Fabryczna;5000;115.0;5.0
Bardzo ładna kawalerka ul. Czarneckiego Szczepin; Stare Miasto;2500;33.0;1.0
Mieszkanie, 50 m², Wrocław; Psie Pole;3500;50.0;2.0
2 pokojowe Balkon Ogrody Hallera; Krzyki;3800;52.0;2.0
2 rozkładowe pokoje /Osiedle Nowa Tęczowa; Stare Miasto;2800;34.0;2.0
3pok | Balkon | Klecina | ul. Przyjaźni | od 01.09; Krzyki;4000;70.0;3.0
Mieszkanie Wrocław Rymarska osiedle zamknięte; Fabryczna;2900;52.0;2.0
Okazja! 4 pokoje rozkład, Pl. Grunwaldzki; Śródmieście;5200;86.46;4.0
Mieszkanie 3-pok | Garaż | Balkon | Zakrzów; Psie Pole;3500;67.56;3.0
Okazja! Wyjątkowy apartament w Centrum przy rzece; Nadodrze;4950;68.6;3.0
Apartament przy Stajennej, od października; Krzyki;4800;65.0;4.0
Mieszkanie 3-pok. – Atal Towers | Balkon; Stare Miasto;3700;55.0;3.0
Idealne dla Pary, 2 pokoje, ogródek.Nowa Papiernia; Krzyki;3500;44.64;2.0
okolice Jana Pawła II BALKON/KOMÓRKA/GARAŻ; Stare Miasto;3250;40.0;2.0
Apartament z tarasem. Imponujący widok z okien. 3D; Stare Miasto;8600;170.0;4.0
Apartament z widokiem na Odrę, topowa lokalizacja; Stare Miasto;14000;97.0;3.0
Ovo Wrocław - Apartament Do Wynajęcia; Stare Miasto;15000;120.0;3.0
Bezpieczeństwo, prestiż, wygoda - apartament Wro; Śródmieście;19000;120.0;4.0
Tu bije serce miasta. Kapitalna lokalizacja!; Stare Miasto;3500;30.0;2.0
3-pokojowe mieszkanie na wynajem - ul. Spiżowa; Fabryczna;3900;70.15;3.0
Apartament z widokiem na Odrę, topowa lokalizacja; Stare Miasto;4500;48.0;2.0
Rezerwacja; Śródmieście;2700;52.0;2.0
2 pokoje, klimatyzacja, taras, Angel City GYM&SPA; Stare Miasto;4000;46.5;2.0
Mieszkanie 3-pok. 56 m2 Drobnera/Bema przy Odrze; Śródmieście;3900;56.0;3.0
3 pokojowe / Pakosławska / Bezpośrednio; Psie Pole;3500;63.0;3.0
Sikorskiego mieszkanie 2 pokoje 46m2; Śródmieście;4200;46.0;2.0
Kępa Mieszczańska, River Point 2 pok. do wynajęcia; Śródmieście;3200;38.0;2.0
Platinum Apartamenty, Wrocław, Stare Miasto; Stare Miasto;4000;60.0;2.0
Mieszkanie, 48 m², Wrocław; Krzyki;2500;48.0;2.0
Wrocław Krzyki ul. Złotostocka mieszkanie wynajem; Krzyki;2500;48.0;2.0
GISERSKA, 37m2, 2 pokoje, garaż, NOWE; Krzyki;3300;37.0;2.0
WALOŃSKA, 46m2, 2 pokoje + kuchnia, garaż; Stare Miasto;3500;46.0;2.0
Kawalerka, balkon, plac Grunwaldzki; Śródmieście;2450;30.0;1.0
Mieszkanie Wrocław Zakrzów 51m² + balkon 10m²; Psie Pole;3300;51.0;2.0
Wysoki Standard, 2 pok. | Centrum | Balkon + Garaż; Stare Miasto;4250;55.0;2.0
Mieszkanie wynajmę dni/ miesiąc /dwa/długi termin; Krzyki;2600;37.0;1.0
Loft przy fosie- ekskluzywny apartament; Wrocław;7000;46.0;2.0
Do wynajęcia apartament - ul. Krawiecka; Rynek;4500;78.0;2.0
BEZPOŚREDNIO-cicho-TANIO-40m2 - wyjście do PARKU; Krzyki;2250;40.0;1.0
W parku zielona wyspa apartament ogród; Śródmieście;7999;85.0;3.0
LUX ** 5-pok DWUPOZIOMOWE od zaraz ul. Wiwulskiego; Śródmieście;12000;138.0;5.0
Centrum, 38m2 z tarasem 70m2; Stare Miasto;4500;38.0;2.0
NIEAKTUALNE 2 pok, rozkładowe, wynajem okazjonalny; Fabryczna;2500;44.9;2.0
Dwupokojowy apartament Walońska, balkon, 2 miejsca; Krzyki;3500;47.0;2.0
Angel City | Studio | Parking | GYM&SPA; Krzyki;3500;30.0;1.0
NOWE Mieszczańska wyposażone,balkon,m.postojowe,; Śródmieście;3500;40.0;2.0
Apartament do wynajęcia, 230m – Krzyki/Borek !!!; Krzyki;14900;230.0;5.0
Bardzo atrakcyjna lokalizacja, plomba, duży taras.; Śródmieście;3700;64.0;3.0
Biskupin, Olszewskiego; Śródmieście;2800;52.0;2.0
okolice Magnolii BALKON/LUX; Stare Miasto;2600;28.0;1.0
Okolice Kryształowej BALKON/MP/2018; Krzyki;4000;53.0;3.0
Mieszkanie trzypokojowe dwupoziomowe 70 m; Psie Pole;3770;70.0;3.0
Apartament dwupokojowy w centrum miasta|Młyn Maria; Stare Miasto;5000;48.0;2.0
Luksusowe mieszkanie 2-pokojowe w Młynie Maria; Stare Miasto;7500;53.0;2.0
WSTRZYMANA Nowe mieszkanie; Krzyki;3300;30.0;1.0
Śliczne mieszkanie z ogródkiem 30m2 / NOWE; Psie Pole;3300;45.0;2.0
Fantastyczne mieszkanie, wysoki standard,Zakładowa; Śródmieście;2390;30.0;1.0
Rezerwacja/ ul. Wiezienna/ Rynek-; Rynek;3000;50.0;2.0
Browary Wrocławskie,wysoki standard, 2 pokoje; Śródmieście;2990;35.0;2.0
Klimatyzowane mieszkanie 2-pokojowe, Klecina; Krzyki;3000;43.0;2.0
Gądów - Bystrzycka | 64m2 | 4pok | balkon 8m2 |; Fabryczna;3000;64.0;4.0
Atal Towers, 16 piętro, 47m, garaż, umeblowane,; Stare Miasto;3600;47.0;2.0
CENTRUM! BEZ PROWIZJI! balkon garderoba. Od 17.09.; Krzyki;2800;45.0;1.0
Wrocław-Psie Pole 69m2 - 3 pokoje - Apartament; Krzyki;3600;69.0;3.0
Okolice Ostrowa Tumskiego BALKON/WINDA/2022; Śródmieście;3300;39.95;2.0
Walońska 2 pokoje do wynajęcia 43m2 Nowe; Śródmieście;4000;43.0;2.0
Wyjątkowy apartament ★ Zamknięte osiedle ★ Centrum; Śródmieście;9500;90.0;4.0
Apartament 2 pok. 55 m2, Ołtaszyn; Krzyki;3700;55.0;2.0
Zielona okolica | Balkon | Komórka lok. | Parking; Psie Pole;2400;49.26;2.0
Wysoki standard * balkon * Kępa mieszczańska; Śródmieście;4950;63.0;3.0
Okolice Renomy PEŁEN ROZKŁAD; Stare Miasto;5000;64.0;3.0
Od listopada, m2 Piękna | m-ce garażowe, klima; Krzyki;3700;50.0;2.0
Komfortowe 2-pok. mieszkanie w świetnej okolicy 65; dolnośląskie;3550;65.0;2.0
ul. Tęczowa_2 pok_ od października; Stare Miasto;3100;47.0;2.0
Możliwość Domeblowania-Krzyki-Traugutta-Centrum; Krzyki;3950;73.0;3.0
Komfortowe 4 pokoje; Fabryczna;5000;76.43;4.0
Wynajmę słoneczne mieszkanie. Rok budowy 2018; Wrocław;2600;29.46;1.0
Just in Center apartament - Wrocław Stare Miasto; Stare Miasto;3800;56.0;2.0
Wynajmę mieszkanie przy ul. Borowskiej; Krzyki;2700;50.0;2.0
Mieszkanie 3 pok., Kępa Mieszczańska, parking; Stare Miasto;4950;63.0;3.0
Wyjątkowy Loft 100 m2* Taras na dachu* Od Zaraz; Fabryczna;3700;100.0;2.0
Mieszkanie na wynajem w CENTRUM WROCŁAWIA; Stare Miasto;3500;40.0;2.0
Nowa Kawalerka-Port Popowice Mp+komórka w cenie!; Fabryczna;3000;31.0;1.0
Mieszkanie od 1 października Dyrekcyjna 1; Krzyki;3050;25.0;1.0
Mieszkanie na Parkowej; Śródmieście;3500;67.0;2.0
Piękne eleganckie mieszkanie 2poziomowe z balkonem; Krzyki;5500;90.0;3.0
Dwupokojowe mieszkanie w wysokim standardzie; Śródmieście;3700;36.0;2.0
Super lokalizacja.; Krzyki;2500;27.0;1.0
Duża kawalerka 48m2 Wrocław Żeromskiego Śródmieści; Śródmieście;2500;48.0;1.0
Miekszanie 2 pokoje Śródmieście, wyposażone; Śródmieście;3000;36.5;2.0
Wynajmę mieszkanie przy parku 3 pokojowe Wrocław; Krzyki;5500;90.0;3.0
2 pok* 53 m2* Stare Miasto* Od 10.09* balkon; Stare Miasto;3500;53.5;2.0
Od października do wynajęcia; Krzyki;2500;17.3;1.0
Nowoczesne i przytulne mieszkanie w Centrum Wrocła; Śródmieście;3200;37.0;2.0
Mieszkanie dla firmy; Krzyki;8000;145.0;4.0
Mieszkanie, 70 m², Wrocław; Psie Pole;3500;70.0;3.0
Mieszkanie 4-pok | Rozkład | Garderoba | Balkon; Fabryczna;3800;82.3;5.0
2 Pokoje Balkon Ochrona 2021 Krzyki Tarnogaj; Krzyki;3500;41.76;2.0
Luksusowy apartament z antresolą; Stare Miasto;7000;46.26;2.0
Industrialny apartament z antresolą; Stare Miasto;7000;40.92;2.0
* Centrum * Siłownia * Media Miejskie *2 X Garaż *; Krzyki;3350;44.0;2.0
Duże dwupoziomowe mieszkanie na Klecinie; Krzyki;5000;155.0;6.0
Apartament na wynajem, od zaraz! Kukuczki; Krzyki;4200;60.0;3.0
Luksusowe KRZYKI 3-pok wolne od 1 września GARAŻ; Krzyki;5500;60.0;3.0
Przytulne 2 pokoje na Księcia Witolda; Śródmieście;4700;51.0;2.0
2pok*Nowoczesne mieszkanie*Gądów*Skrzydlata*; Fabryczna;2700;37.35;2.0
Mieszkanie, 52 m², Wrocław; Krzyki;3700;52.0;2.0
dla 1 osoby kawalerka; Krzyki;2500;25.0;1.0
PIĘKNA / NYSKA, 30 m2, studio z osobną sypialnią; Krzyki;2300;30.0;2.0
Mieszkanie 2 pokojowe | Tęczowa; Stare Miasto;3200;50.0;2.0
Mieszkanie - Wrocław Stare Miasto; Stare Miasto;15900;121.0;3.0
2 pokoje,balkon, szybki internet,parking podziemny; Fabryczna;3600;45.0;2.0
Wynajme mieszkanie 2-pokojowe ul. Teczowa 50m2; Stare Miasto;3200;50.0;2.0
"Mieszkanie 44 m2 ;2 pokoje ;Taras 18 m2;"; Krzyki;3100;44.0;2.0
Loft | Spacer 3D | Nowa Papiernia | Centrum; Stare Miasto;5900;46.0;2.0
Wynajmę 2-pok, komfort, klima, 46 m2, Krzyki/Ołtas; Krzyki;2600;46.0;2.0
2 pokoje na Gaju ul. Krynicka od zaraz / balkon; Krzyki;2850;52.0;2.0
Mieszkanie 2pok+mały salon, centrum, klimatyzowane; Śródmieście;3000;43.0;2.0
3 pok | Klimatyzacja | Wysokiej klasy; Krzyki;12000;170.0;3.0
Witolda 3840 | Unikatowy Apartament; Stare Miasto;9500;85.5;3.0
3 pok | Swojczyce | Pierwszy najem; Psie Pole;5800;90.0;3.0
Mieszkanie blisko centrum/Wrocławia; Stare Miasto;4000;60.0;2.0
Idealne mieszkanie dla singla lub pary.Wyposażenie; Krzyki;4000;47.71;2.0
Mieszkanie /Most Grunwaldzki/campus/ul. Polaka; Śródmieście;3000;30.0;2.0
Wysoki standard, pierwszy najem, Krzyki - Nyska; Krzyki;3500;44.32;2.0
Przestronne mieszkanie,2pokoje,klimatyzacja,garaż; Fabryczna;3000;45.0;2.0
Apartament z 200 metrowym tarasem przy Nyskiej; Krzyki;7200;46.0;2.0
2 Garaże, 60M2 Ogródka,Umeblowane, Prestiżowe Osie; Krzyki;2600;43.0;2.0
3 pokojowe przy SKY TOWER !; Krzyki;3500;63.2;3.0
Przy Torach Wyścigowych Partynice,balkon,klima.; Krzyki;2100;37.0;1.0
Apartament w Angel City, 2 pok, balkon, parking; Krzyki;4000;42.0;2.0
2 pokojowe mieszkanie z ogrodem przy parku!; Fabryczna;2400;37.0;2.0
Centrum Huby 4 przestronne pokoje kamienica 1.10; Śródmieście;5100;110.0;4.0
Rynek!/Pierwszy Najem!; Rynek;4300;53.0;2.0
Rozkładowe, po remoncie, klimatyzowane Ua/Pl/En; Śródmieście;4600;46.0;2.0
Sikorskiego mieszkanie 2 pokoje 46m2; Śródmieście;4300;48.0;2.0
Pereca, Osobne Pokoje, Balkon, Miejskie Ogrzewanie; Fabryczna;2500;51.0;2.0
Do wynajęcia wyremontowane mieszkanie w Centrum; Stare Miasto;3000;37.0;2.0
2 pokoje dla singla lub pary GAJ, Krynicka; Krzyki;3000;36.0;2.0
Sikorskiego mieszkanie 2 pokoje 46m2; Śródmieście;4200;46.0;2.0
2-pokojowy apartament w Angel City- pierwszy najem; Krzyki;3700;43.44;2.0
Mieszkanie, 32,50 m², Wrocław; Krzyki;2200;32.5;1.0
Studio przy ul. Gajowickiej, Krzyki; Krzyki;1600;24.0;1.0
kawalerka/ klecina / Lux / Wolne / + Vat; Krzyki;2200;19.0;1.0
Mieszkanie na dynamicznym Jagodnie z m. postojowym; Krzyki;2700;41.0;2.0
Mieszkanie w centrum miasta z dużym tarasem; Krzyki;3500;35.0;2.0
okolice ul. Karmelkowej NOWE2007/OD ZARAZ!; Krzyki;2000;38.0;1.0
Ekskluzywny apartament|Od ZARAZ|2 pokoje(Eng/UA); Rynek;4500;50.0;2.0
Mieszkanie 2-pokojowe z oddzielną kuchnią + balkon; Krzyki;3000;54.2;2.0
Angel City 2 pokoje SPA&GYM ul.Walońska 0%prowizji; Stare Miasto;3700;41.0;2.0
Bardzo ładne mieszkanie ul. Kunickiego M. Wielki; Fabryczna;3800;60.0;2.0
Wynajem! Mieszkanie 3 pok o pow. 97mkw.; Fabryczna;3500;97.0;3.0
Studio w Angel City, Siłownia i SPA ul. Walońska; Stare Miasto;3100;28.0;1.0
Luksusowa lokalizacja z pięknym wykończeniem w pob; Śródmieście;6200;80.68;2.0
Apartament Sky Tower piętro 28; dolnośląskie;11000;70.0;2.0
3pokojowe mieszkanie w centrum z klimatyzacją; Fabryczna;4000;63.0;3.0
4-pokojowe mieszkanie z ogrodem; Krzyki;8200;94.0;4.0
3 pokojowe mieszkanie w sercu Ołtaszyna; Krzyki;3800;55.0;3.0
Traugutta 2 pokoje+miejsce postojowe klimatyzacja; Krzyki;4200;43.0;2.0
Mieszkanie 2-pok | Nowe | Parking | Dmowskiego; Stare Miasto;4400;50.0;2.0
Kawalerka | Komórka | Balkon | Parking | Na Grobli; Krzyki;2800;26.0;1.0
Apartament 2-pok | Rynek; Stare Miasto;3800;54.0;2.0
Bezpośrednio M 3 Stabłowice, ul. Olbrachtowska; Fabryczna;3400;68.0;3.0
Plac Grunwaldzki*2 pokoje*Rozkładowe*klimatyzacja*; Śródmieście;3800;44.0;2.0
Apartament w Angel City, 2 pok, ogródek, parking; Krzyki;4200;45.0;2.0
3 pok | Klimatyzacja | Wis | Pl/Eng; Krzyki;5500;100.0;3.0
4 Pokoje | Centrum | Pełen rozkład; Stare Miasto;4800;75.0;4.0
Przestronne, 2 pokoje, osobna kuchnia - przy Ue; Krzyki;3000;48.1;2.0
Kępa Mieszczańska, River Point 2 pok. do wynajęcia; Stare Miasto;3200;38.0;2.0
Apartament Lux | Ogród | Stacja 22kW | Smart Home; Śródmieście;11000;91.61;3.0
Mieszkanie 4-pokojowe na ulicy Rymarskiej; Krzyki;10500;107.0;4.0
Bulwar Staromiejski- stylowy apartament 2 pokojowy; Stare Miasto;4000;45.0;2.0
Komfortowe i przytulne mieszkanie dwupokojowe; Krzyki;3500;53.5;2.0
2 rozkładowe pokoje ul Drzewieckiego; Fabryczna;2400;46.0;2.0
Przepiękny apartament z tarasem na dachu.; Nadodrze;14500;106.1;3.0
Dwupokojowe mieszkanie/Wilanowska/Psie Pole; Psie Pole;2300;48.58;2.0
Wrocław / Zwycięska / Piękna / Spokojna Okolica; Krzyki;4900;78.0;4.0
Kawalerka - klimatyzacja - komórka - parking; Stare Miasto;2650;26.0;1.0
3-pok. Apartament _ widok na Odrę_2x garaż w cenie; Śródmieście;5500;66.0;3.0
JAGODNO _ LUX Apartament z 2021; Krzyki;3500;62.6;3.0
Dwupokojowe w świetnej lokalizacji; Krzyki;2400;40.0;2.0
Przytulne 2 pokojowe mieszkane | ogródek | taras; Krzyki;3300;42.67;2.0
Luxury Apartment | First Tenant | Closed Estate; Śródmieście;8500;97.0;3.0
Dwupokojowe 37m, parter, Dożynkowa Wrocław; Krzyki;2400;37.0;2.0
nowe, z parkingiem, 10 min spacer do Rynku; Stare Miasto;3100;30.0;1.0
200m Od Rynku, Wysoki Standard, W Pełni Wyposażone; Rynek;3000;44.0;1.0
2 pokojowe mieszkanie z balkonem, po remoncie; Fabryczna;2500;40.0;2.0
Kawalerka do wynajęcia; Krzyki;1700;29.0;1.0
Apartament na prestiżowym osiedlu Angel City; Stare Miasto;4200;43.0;2.0
For Rent! | Apartament, Śródmieście; Śródmieście;4800;57.0;2.0
Wrocław/Fabryczna/3 pokoje + balkon + ogród; Fabryczna;3500;65.0;3.0
Mieszkanie - 2 pokoje, osobna kuchnia, balkon; Psie Pole;2600;49.0;2.0
Mieszkanie blisko rynku /Wrocław; Stare Miasto;2850;54.0;2.0
Mieszkanie na Przedmieściu Oławskim, po remoncie; Krzyki;4500;83.0;4.0
3 pokojowe mieszkanie na Popowicach; Fabryczna;3500;50.0;3.0
Przedmieście Oławskie/ 2 pok z klimatyzacją; Krzyki;3500;44.36;2.0
Kępa Mieszczańska BALKON/WINDA/LUX/2018; Śródmieście;5000;50.0;2.0
2 pokoje - piękne mieszkanie 500m od parku; Krzyki;3200;42.0;2.0
Luksusowe 3 pokoje, Centrum, ul. Czysta, od 15.09; Stare Miasto;7700;67.0;3.0
0d 1 października do wynajęcia Dyrekcyjna 1; Krzyki;2850;24.39;1.0
Mieszkanie - Wrocław Krzyki; Krzyki;11500;112.0;4.0
ul. Miedziana/ Centrum/ 2 pokoje 43m2/Nowe/ wolne!; Fabryczna;3000;42.0;2.0
2 pokojowe, pierwszy najem , bez pośredników,taras; Krzyki;3500;42.5;2.0
4 pok | Klimatyzacja | Wis | Pl/Eng; Krzyki;10499;108.0;4.0
3-pokoje 65 m2 z 2 balkonami i loggia Grabiszyńska; Stare Miasto;3600;65.0;3.0
Dembowskiego | Ogródek | Taras; Śródmieście;4000;64.0;3.0
Gaj, Kukuczki - 2 pok, 50m2, balkon, garaż, winda!; Krzyki;3000;50.0;2.0
2 pok | Centrum | Legnicka; Stare Miasto;4000;60.0;2.0
Kawalerka do wynajęcia; Krzyki;1700;29.0;1.0
2-pok. centrum - od PAŹDZIERNIKA; Fabryczna;2800;48.0;2.0
Lux Hit 3 M Krzyki/Przyjaźni+duży balkon; Krzyki;5000;82.0;3.0
Mieszkanie|Huby|dwa pokoje|balkon|msc parkingowe; Krzyki;2500;33.0;2.0
Luksusowy apartament od 1 października UNIKAT; Krzyki;12900;140.0;4.0
2 pokoje z ogródkiem/Krzywoustego/Psie Pole; Psie Pole;3000;39.85;2.0
2 pok. taras + ogródek- Jagodno; Krzyki;2700;36.0;2.0
Nowa Kawalerka / 100% WYPOSAŻONA / BALKON/MAŚLICE; Fabryczna;2100;26.0;1.0
2-pok.,49m2, Nadodrze; Śródmieście;3200;49.0;2.0
Miłoszycka od 1.10.2022 słoneczne 3pokoje,balkon; Psie Pole;3700;56.0;3.0
Dla studenta kawalerka,Biskupin; Wrocław;2500;30.0;1.0
Nowy apartament 2pok., Młyn Maria; Stare Miasto;4500;47.0;2.0
Corte Verona | balkon | miejsce parkingowe; Fabryczna;3100;38.2;2.0
Wrocław, Centrum, Kawalerka 34 m , REZERWACJA; Stare Miasto;1900;34.0;1.0
(PL/RU/ENG) Olimpia Port | Trzy Pokoje | Garaż; Psie Pole;4200;60.0;3.0
4 pok. apartament 120m2 Angel Wings, ul. Walońska; Krzyki;9000;120.0;4.0
Wrocław Kazimierza,mieszkanie na wynajem; dolnośląskie;1500;48.0;1.0
Apartament 2 pok garderoba 52m2 Angel Wings Walońs; Krzyki;4000;52.0;2.0
Super mieszkanie,Umeblowane,Balkon, Garaż,; Psie Pole;2300;41.0;2.0
Mieszkanie, 55 m², Wrocław; Śródmieście;2900;55.0;2.0
Super 2 pok, super lokalizacja, balkon, tramwaj!; Fabryczna;2900;45.0;2.0
Salon, sypialnia, kuchnia i 2balkony ul.Zachodnia1; Stare Miasto;3000;44.0;2.0
Mieszkanie 3pok. z tarasem 35m2, Centrum, City Isl; Stare Miasto;5000;65.0;3.0
Mieszkanie 2-pok | Rozkład | Paczkowska; Krzyki;3200;58.0;2.0
Wynajmę 2-pok, komfort, klima, 46 m2, Krzyki/Ołtas; Krzyki;2600;46.0;2.0
2 pokoje na Gaju ul. Krynicka od zaraz / balkon; Krzyki;2850;52.0;2.0
Dembowskiego | Ogródek | Taras; Śródmieście;4000;64.0;3.0
Unikatowe studio 90m2 w centrum Rynkowych wydarzeń; Rynek;5900;90.0;2.0
Kawalerka 39m2 o podwyższonym standardzie.; Fabryczna;2500;39.0;1.0
Umeblowane, Do Wprowadzenia,Blisko Dworca; Krzyki;3100;69.0;3.0
Stylowe mieszkanie na poddaszu dla konesera; Krzyki;12000;100.0;4.0
Luksusowy apartament w stylowej kamienicy dla wyma; Krzyki;15000;148.5;5.0
3 pokoje/kuchnia/idealne dla studentów/Czerniawska; Krzyki;4300;69.0;3.0
Apartament - mieszkanie 2 pokojowe - przy Rynku; Stare Miasto;3400;46.0;2.0
wynajmę na dwa miesiące do końca września; Śródmieście;2100;12.0;1.0
Mieszkanie 2 pokoje, balkon BEZ PROWIZJI; Fabryczna;2800;42.0;2.0
Odnowiona kawalerka boczna Legnickiej; Stare Miasto;1800;31.5;1.0
[Zarezerwowane] Mieszkanie 2-pokojowe 27m2, Pereca; Fabryczna;2500;27.0;2.0
Czteropokojowe mieszkanie w blisko centrum; Śródmieście;3000;59.0;4.0
Księcia Witolda komfortowe studio 35m2 do wynajęci; Śródmieście;3400;35.0;1.0
Five Minutes Walk From Wrocław International Schoo; Krzyki;13000;125.0;4.0
Gwiaździsta, 43 mkw., nowe, lux, garaż; Krzyki;3300;43.0;2.0
Komfortowy Apartament W Nowej Papierni; Stare Miasto;3500;48.0;2.0
Apartament 4 pok w centum taras 100 mkw; Śródmieście;13000;170.63;4.0
Mieszkanie 3-pokojowe na Maślicach dla 6 osób; Fabryczna;3500;65.0;2.0
Kawalerka 20m2 na wynajem Dla 1-2 Osób; Fabryczna;1750;20.0;1.0
4 pokoje, pełen rozkład, 84m2, Krzyki, ul. Boczna; Krzyki;3500;83.6;4.0
4 pokoje / blisko centrum; Śródmieście;5000;80.1;4.0
(PL/RU/ENG) Kawalerka | Od 01.10 | Jagodno; Krzyki;2300;25.0;1.0
2 pokoje | od zaraz | pierwszy najem; Fabryczna;3300;37.0;2.0
Mieszkanie Wrocław Grabiszyn 94 m2 stylowe wnętrza; Fabryczna;4100;94.0;3.0
2 Pokoje*Przestronne*Od Września; Stare Miasto;3000;61.5;2.0
Mieszkanie 2-pok Kromera, z tarasem; Psie Pole;2950;53.96;2.0
Apartament w centrum/ Dmowskiego; Stare Miasto;4000;50.38;2.0
Luksusowy apartament w sercu Wrocławia; Stare Miasto;18500;160.0;5.0
Obiekt na 110 osób ul. Kobierzycka Wrocław LG; Krzyki;59900;1139.0;
Plac Grunwaldzki/Łukasiewicza/rozkład z klimatem; Śródmieście;4000;77.0;3.0
Komfortowe, 2 pokoje, tramwaj, Nowe Żerniki; Fabryczna;3000;43.0;2.0
Stajenna Apartamentowiec Nowość; Krzyki;7000;94.0;3.0
Turniejowa Zielona Etiuda Nowość Piękne 3 + Basen; Krzyki;7000;79.48;3.0
Mieszkanie - Wrocław Śródmieście; Śródmieście;4000;60.0;2.0
Turniejowa Zielona Etiuda Nowość Piękne 3 + Basen; Krzyki;5500;79.0;3.0
Turniejowa Zielona Etiuda Nowość Piękne 3 + Basen; Krzyki;7000;79.0;3.0
Mieszkanie 50m2 przy ul. Gorlickiej (PSIE POLE); Psie Pole;2650;50.0;2.0
kawalerka do wynajęcia Wrocław-Krzyki; Krzyki;2500;33.0;1.0
Atal Towers, 16 piętro, 47m, garaż, umeblowane,; Stare Miasto;3600;47.0;2.0
Oporów Nowość Mieszkanie willowe 4 pok; Fabryczna;4500;106.0;4.0
Mieszkanie - Wrocław Fabryczna; Fabryczna;5000;116.0;5.0
Mieszkanie - Wrocław Krzyki; Krzyki;9000;180.0;4.0
od już/ duże Mieszkanie 4 pok/ balkon; Psie Pole;4000;72.3;4.0
2 pok | Centrum | Angel City; Stare Miasto;4000;44.0;2.0
Kawalerka dla inżyniera, programisty, szefa firmy; dolnośląskie;1450;26.0;1.0
Apartament Atal Towers 13 piętro 2 p TARAS centrum; Stare Miasto;4600;50.0;2.0
2 pokoje blisko Dworca Głównego; Stare Miasto;2700;40.05;2.0
3 pokoje w nowoczesnym budynku - od 1 września; Śródmieście;3990;63.6;3.0
oddzielna kuchnia, Gaj, ul. Jabłeczna! Okazja!; Krzyki;2000;39.0;2.0
Stylowe dwupokojowe mieszkanie/Obornicka; Psie Pole;2700;47.61;2.0
3 pokoje/ 63 m2/ Grabiszyńska/blisko parku; Fabryczna;3500;63.0;3.0
Dwupokojowe mieszkanie z ogrodem/Drabika; Krzyki;2700;40.51;2.0
Piękne mieszkanie z ogródkiem 42,63 m2, od 22.08.2; Krzyki;3300;42.63;2.0
Apartament 2 pokoje + miejsce parkingowe w cenie !; dolnośląskie;3000;32.0;2.0
2 pokoje/ 37m2 / wolne od 1.09 / Grabiszyn; Fabryczna;2500;38.0;2.0
Mieszkanie 3 pokojowe 60m2 ul. Balonowa.; Fabryczna;3500;60.0;3.0
wynajmę na dwa miesiące; Śródmieście;2950;27.0;1.0
Faktura 23%Vat ul.Grabiszyńska 204d; Fabryczna;2700;37.0;1.0
Do wynajęcia kawalerka na Pomorskiej; Nadodrze;2000;21.0;1.0
Piękne mieszkanie z dużym tarasem !od 31.08.2022!!; Krzyki;3790;53.01;2.0
Luksusowe 4 pokoje, Nowy Biskupin, Taras, od Zara; Śródmieście;7500;120.0;4.0
ul.Worcella*4pokoje*8 osób*dla grupy*top*; Krzyki;6300;72.3;4.0
Stare Miasto - 2 Pokoje - Balkon - Garaż - Rynek; Stare Miasto;5000;55.0;2.0
Duże mieszkanie z balkonem - Partynice - od zaraz; Krzyki;4800;96.0;3.0
Dwupokojowe mieszkanie, 40 m², ul. Litewska; Psie Pole;2600;40.0;2.0
Apartament 137mkw przy Browarze Wrocławskim; Śródmieście;6900;137.0;4.0
2 pokoje/Grabiszyn/na firmę; Fabryczna;2400;49.0;2.0
3-pok 50 m², ul. Wróbla,ogródek działkowy w cenie; Krzyki;3800;50.0;3.0
2 pokojowe mieszkanie 47 m Wrocław Graniczna; Fabryczna;3000;47.0;2.0
Dwustronne#2xBalkon#GarażPodziemny#DostępneOdZaraz; Krzyki;3500;61.0;3.0
Luksusowe mieszkanie z widokiem na ogrody; Krzyki;3200;43.0;2.0
Apartament w Sky Tower, ul Gwiaździsta 62, parking; Krzyki;5000;52.0;2.0
Mieszkanie na 23%Vat ul.Grabiszyńska 204d; Fabryczna;2700;37.0;1.0
BALKON NAD ODRĄ 2pokoje+oddzielna kuchnia AKTUALNE; Śródmieście;3200;38.0;2.0
Mieszkanie wynajem 1 wrzesień; Krzyki;2500;38.0;2.0
Atrakcyjna kawalerka z balkonem przy Legnickiej.; Stare Miasto;2400;29.5;1.0
Mieszkanie 3-pokojowe, pierwszy najem, dwa ogrody; Krzyki;6000;73.0;3.0
Przedmieście Oławskie/ 2 pok z klimatyzacją; Krzyki;3500;44.36;2.0
Klimatyzowane 2 pokoje w Angel Wings; Krzyki;3000;32.0;2.0
2 Pokoje | Centrum | Od sierpnia; Śródmieście;3000;37.0;2.0
Luksusowy apartament 85m2,3pok, ul.Turniejowa; Krzyki;7000;85.0;3.0
OVO | Italian design | last floor with terrace; Stare Miasto;7500;61.46;2.0
Mieszkanie, 33,47 m², Wrocław; Krzyki;2000;33.47;1.0
Mieszkanie, 31,07 m², Wrocław; Stare Miasto;2200;31.07;2.0
Ulica Sokolnicza_2Pok_Od Zaraz; Stare Miasto;3200;61.0;2.0
Sky Tower apartament na 45. piętrze; Krzyki;15000;100.0;2.0
Kleczkowska 2 pok nowe budownictwo 2 miejsca posto; Psie Pole;3500;52.0;2.0
klima,odmalowane,samodzielne,2Wc,parking,rozkład; Fabryczna;5600;119.0;4.0
3 pokoje z balkonem i garażem / Fabryczna/ Maślice; Fabryczna;3500;65.26;3.0
3-pokojowy apartament 55m2 na Oporowie 1 Najem; Fabryczna;4000;55.0;3.0
Luksusowy apartament 2-poziomowy blisko Parku Płd.; Krzyki;14900;230.0;5.0
Lux Penthouse, Rynek, Centrum, Piękny widok !!!!!!; Stare Miasto;7400;100.0;3.0
Sky Tower 45 piętro najem długoterminowy; Krzyki;15000;106.0;3.0
Mieszkanie, 50 m², Wrocław; Krzyki;2800;50.0;2.0
2pok.mieszkanie dla pary lub singla,Ogrody Hallera; Krzyki;3800;50.0;2.0
Unikatowy Apartament W Centrum Miasta; Stare Miasto;6000;42.64;2.0
Apartament | 4-pokoje | garaż | balkon | Oporów; Fabryczna;6300;98.0;4.0
2 Pokoje | Centrum | Widok na Odrę; Śródmieście;5000;46.0;2.0
Apartament naprzeciwko Galerii Dominikańskiej; Stare Miasto;4800;66.0;2.0
Do wynajęcia nowe 2 pokojowe mieszkanie z garażem; Krzyki;4000;51.0;2.0
2 Pokoje - Garaż-Balkon /Fabryczna /Złotniki; Fabryczna;2700;40.0;2.0
Apartament Krucza Residence; Krzyki;4500;49.0;2.0
Premium! 2 pok.Taras, miejsce post.Blisko Borowska; Krzyki;3300;45.0;2.0
2 pokoje dla pary lub singla - Renoma; Stare Miasto;2600;48.0;2.0
2 pok 38m2 ul.Nowy Świat, Stare Miasto blisko Odry; Stare Miasto;2500;37.66;2.0
M4, parter - idealne pod działalność!; Śródmieście;7000;100.95;4.0
Ładne Mieszkanie Na Partynicach; Krzyki;3800;70.0;3.0
Luksusowe mieszkanie w Odra Tower, 8piętro, taras; Stare Miasto;7000;67.0;3.0
Jasne 4pok, Legnicka, parking, taras; Fabryczna;7000;83.0;4.0
Nowe 3pok.mieszkanie,wysoki standard,Orody Grabisz; Krzyki;4600;73.0;3.0
Mieszkanie 80m2 w rynku; Stare Miasto;4700;80.0;3.0
Mieszkanie TOP LOKALIZACJA ul. Pawłowa 2 pokoje; Stare Miasto;2700;52.0;2.0
Komfortowe mieszkanie na Grabiszynie; Fabryczna;3720;64.0;2.0
Czteropokojowe mieszkanie w świetnej lokalizacji; Fabryczna;4300;65.0;4.0
Mieszkanie z zielonym ogrodem 50m2 OLTASZYN KRZYKI; Krzyki;4900;54.5;2.0
Wynajmę mieszkanie - okolice pl. Bema, Śródmieście; Śródmieście;2700;64.0;2.0
Wynajmę mieszkanie przy ul. Borowskiej; Krzyki;2700;50.0;2.0
Lux/ul.Krakowska/ 2 pokoje + taras! / Klima/ wolne; Krzyki;3500;42.0;2.0
⚜2 Niezależne Pokoje/ Umeblowane/Odświeżone⚜; Stare Miasto;3800;55.0;2.0
Luksusowy apartament w Lokum Vena - ul. Prusa; Śródmieście;3700;47.0;2.0
Wynajmę mieszkanie 2 pokojowe. Wrocław, Krzyki; Krzyki;2800;48.5;2.0
Kawalerka,wysoki standard,Gwiaździsta od 01.09; Krzyki;3000;37.0;1.0
Polecam 3pok.mieszkanie Księcia Witolda z garażem; Stare Miasto;6500;62.0;3.0
Kawalerka przy Legnickiej; Fabryczna;2500;27.0;1.0
Art Deco | Centrum | Wysoki standard; Stare Miasto;7000;48.0;2.0
Centrum, Inowrocławska, Platinum, 2 pokoje; Stare Miasto;4000;60.0;2.0
Apartament w Sky Tower; Krzyki;7500;70.0;2.0
2- pokoje z oddzielną kuchnią. ul. Poleska; Psie Pole;2700;50.0;2.0
3 niezależne pokoje-Angel River, Walońska, wysoki; Stare Miasto;4700;60.0;4.0
Mieszkanie, 47,99 m², Wrocław; Fabryczna;2900;47.99;2.0
Świetne wynajmę! Stan idealny! Wyposażone!; Fabryczna;2900;42.16;2.0
3pok*67m2*Od zaraz*Balzaka*Oporów; Fabryczna;4000;67.0;3.0
Nowe mieszkanie| loggia | centrum |; Nadodrze;3600;56.54;2.0
Premium 2 pokoje + parking Lokum Vena / B.Prusa; Śródmieście;4000;47.0;2.0
Mieszkanie 2 pokojowe na Starym Mieście; Rynek;2500;45.0;2.0
Wyjątkowy apartament z prywatnym tarasem 40m2 w Ce; Fabryczna;15500;150.0;3.0
Dwupokojowe mieszkanie w kamienicy/Grunwaldzka; Śródmieście;3200;91.55;3.0
⚜3 Niezależne Pokoje/ Umeblowane/Odświeżone⚜; Psie Pole;3600;50.0;3.0
Wrocław-Psie Pole- Kawalerka z balkonem okazja; Psie Pole;2000;30.0;1.0
Mieszkanie, 53 m², Wrocław; Psie Pole;2500;53.0;2.0
Prawie Dom, P. Szczytnicki, Wuwa, Parking, Biskupi; Śródmieście;3900;54.0;3.0
Klimatyzowane 3 pokoję z windą, ul Ruska Ua/En; Stare Miasto;4200;56.0;3.0
Do wynajęcia mieszkanie 3-pokojowe ul. Łubinowa; Krzyki;4900;88.0;3.0
Apartament naprzeciwko Galerii Dominikańskiej; Stare Miasto;4800;66.0;2.0
Legnicka, 2 pokoje, wysoki standard, parking; Stare Miasto;4000;52.6;2.0
Piękne mieszkanie z dużym tarasem !od 31.08.2022!; Krzyki;3799;53.0;2.0
Bez kaucji, bez prowizji!; Psie Pole;2700;24.0;1.0
Basen, Siłownia, Park.; Stare Miasto;4500;66.08;2.0
Przy hotelu Hilton,winda,balkon,ogrz.miejskie.; Stare Miasto;2800;65.0;2.0
4 pokoje Centrum/Rynek/od 5.08/Okazjonalny; dolnośląskie;5500;80.0;4.0
Wrocław, Centrum, Mikołaja; Stare Miasto;4000;71.56;3.0
Luksusowy Apartament w Centrum Budynek Ovo; Rynek;7500;75.0;2.0
Nowa kawalerka w ścisłym centrum - Jagiełły; Śródmieście;2400;28.0;1.0
Elegancki, nowoczesny APARTAMENT KĘPA Mieszczańska; Stare Miasto;3600;40.0;2.0
Pilczyce / 3 pok/ Wyposażone/ M-ce park./ 0% prow.; Fabryczna;4500;68.0;3.0
Mieszkanie 3 pokojowe Grabiszynek; Fabryczna;3200;64.0;3.0
Mieszkanie W Świetnej Lokalizacji - Już Dostępne; Śródmieście;3500;38.0;2.0
Nowe mieszkanie w stylu Glamour| 3-pokoje| balkon; Psie Pole;3200;52.0;3.0
Zaciszny apartament z widokiem na park | Dąbie; Śródmieście;7490;74.0;3.0
klimatyzowane 2 pokoję w sercu miasta, z windą; Stare Miasto;3700;50.0;2.0
2-pokojowe / Tanio / Od zaraz; Fabryczna;2500;42.0;2.0
Wysoki standard / Kawalerka / Centrum; Śródmieście;2600;30.0;1.0
Wynajem, 2-pok z balkonami z oddzielną kuchnią; Śródmieście;3500;44.21;2.0
Luksusowy apartament w centrum Wrocławia!; Stare Miasto;7000;103.0;3.0
Mieszkanie/lokal komercyjny obok Rynku; Stare Miasto;2500;45.5;3.0
Oporów , komfortowe, wygodne , mieszkanie willowe; Fabryczna;4700;80.0;4.0
Wyjątkowy apartament nad Odrą ul. Księcia Witolda; Stare Miasto;5000;41.38;2.0
Apartament przy Witolda; Stare Miasto;12000;97.0;4.0
Mieszkanie 3-pok | Loggia | Po Remoncie| Ślężna; Krzyki;4500;60.0;3.0
Inwestycyjne | kwatery pracownicze | Ołbin; Śródmieście;5760;144.0;2.0
Apartament na Starym Mieście we Wrocławiu WYNAJMĘ; Rynek;13000;170.0;4.0
Apartament Sky Tower. Sky is a limit...; Krzyki;10700;103.0;3.0
Apartament z tarasem na 2 miesiące; Stare Miasto;12000;108.0;3.0
Apartamentowiec Ul.Oławska; Stare Miasto;3300;52.0;2.0
okolice ul. Balonowej WINDA/ROZKŁAD/BALKON; Fabryczna;2700;49.7;2.0
Ekskluzywny apartament* Centrum* 57 m2* od 15.09; Stare Miasto;4400;57.0;2.0
Bulwar staromiejski - loft do wynajęcia.; Stare Miasto;3990;38.88;2.0
Stylowa kawalerka w centrum miasta; Stare Miasto;2200;25.0;1.0
Nowe mieszkanie dla pracowników Brochów parking; Krzyki;2700;40.0;1.0
Umeblowane mieszkanie 46m Brochów parking; Krzyki;2500;45.64;2.0
rynek Ratusz MIESZKANIE DO NAJMU/PO REMONCIE; Stare Miasto;4300;53.0;2.0
Nowe mieszkanie dla pracowników Brochów parking; Krzyki;2700;40.0;1.0
Sky Tower - Premium - Miejsce Postojowe + Komórka; Krzyki;10700;103.6;3.0
Eleganckie | 2 pok. | Śródmieście; Śródmieście;4100;38.0;2.0
Przed.Oławskie ul. Krakowska/ 2 pokoje/ Ogród; Krzyki;3600;43.46;2.0
Nowe/2 pokojowe/ Podwyższony standard/ Gazowa; Krzyki;3200;40.0;2.0
6 Pokoi | Krzyki | Osobna Kuchnia; Krzyki;5800;120.0;6.0
2pok / w Rynku / po kapitalnym remoncie / wolne ju; Stare Miasto;4300;52.0;2.0
Mieszkanie przy samym rynku !; Stare Miasto;4300;100.0;2.0
Kawalerka| Stare Miasto| Rynek; dolnośląskie;2500;35.0;1.0
Basen, Siłownia, Park.; Krzyki;4500;66.08;2.0
##Kawalerka##Centrum##Kościuszki/Kniaziewicza##; Śródmieście;2200;36.0;1.0
Wynajmę słoneczne mieszkanie. Rok budowy 2018; Wrocław;2600;29.46;1.0
Just in Center apartament - Wrocław Stare Miasto; Stare Miasto;3800;56.0;2.0
Mieszkanie na Parkowej; Śródmieście;3500;67.0;2.0
Ulica Sokolnicza_2Pok_Od Zaraz; Stare Miasto;3200;60.0;2.0
Legnicka Pixel House dla 2 osób min. 12 mies; Fabryczna;3500;56.0;2.0
Mieszkanie w apartamentowcu we Wrocławiu; Stare Miasto;3500;53.51;2.0
Apartament blisko Rynku - wolne od września!; Rynek;4800;66.0;2.0
##Przepiękny apartament ##Kawalerka 30 m kw##; Krzyki;3000;30.0;1.0
Prestiżowa lokalizacja | 3 pok. z balkonem; Nadodrze;5800;60.0;3.0
Komfortowy apartament w sercu miasta z parkingiem; Stare Miasto;3400;35.0;1.0
Klimatyzowane 2 pokoję ul Ruska; Stare Miasto;3700;56.0;2.0
Połowa willi na Borku; Krzyki;14900;230.0;9.0
Apartament ##38 m kw## Walońska; Krzyki;3500;38.0;2.0
Mikro-apartament, kawalerka 150m od rynku; Stare Miasto;2600;24.0;1.0
Luksusowy lokal mieszkalny przy Pl. Dominikańskim; Stare Miasto;4200;66.3;2.0
Apartament na Borku do wynajęcia.; Krzyki;14900;219.6;5.0
Bardzo wysoki standard - osobna kuchnia - Rynek; Stare Miasto;4000;56.0;2.0
Mieszkanie 4 pokoje /balkon / Fabryczna / Gądów; dolnośląskie;3800;63.0;4.0
*2pok* Nowe Mieszkanie* Śródmieście/ Nadodrze*; Nadodrze;4000;36.0;2.0
Apartament na Starym Mieście we Wrocławiu WYNAJMĘ; Stare Miasto;9000;78.0;3.0
Luksusowe mieszkanie na Kurkowej - 2pok.; Śródmieście;7000;66.0;2.0
Nowe 3-pokoje, Gwiaździsta 14 piętro z widokiem; Krzyki;4000;56.12;3.0
Rozkładowe - Przy Pwr - dla studentów - Centrum; Śródmieście;3100;60.0;3.0
Wrocław, ul. Rzeźbiarska 1, wysoki standard!; Śródmieście;5500;73.0;3.0
2 pok, Stare Miasto, Najem min 1 r.; Stare Miasto;3000;54.0;2.0
Ładne, 2pok, balkon, na Jagodnie; Krzyki;2800;43.0;2.0
M 3pok 74m2 3500Pln Główna Stabłowice; Fabryczna;3500;74.2;3.0
Przestronne mieszkanie w zielonej okolicy; Psie Pole;3000;68.0;3.0
Mieszkanie - Wrocław Stare Miasto; Stare Miasto;5900;53.0;2.0
Piękne mieszkanie, 4-pok, plac Bema, 91m²; Śródmieście;5300;91.0;4.0
DoWynajęcia_PrzytulneMieszkanieZTarasem_Burzowa; Krzyki;3000;40.0;2.0
Przestronny apartament w centrum. Widok na Odrę; Śródmieście;8000;110.0;3.0
Atal Towers narożny taras 12 miesięcy; Stare Miasto;4500;48.0;2.0
Nowoczesna, klimatyczna kawalerka w samym Rynku; Śródmieście;3000;42.0;1.0
Dom obok Parku Grabiszyńskiego | 5 pokoi | Ogród; dolnośląskie;5000;128.0;5.0
Mieszkanie w Willi na Zalesiu; dolnośląskie;7999;118.0;4.0
fv tak,prestiż, atrak.loka, klima,balkon,Ovo; Śródmieście;4500;35.0;1.0
OVO | Premium | TOPOWY widok; Stare Miasto;15000;120.4;3.0
Kawalerka| Oddzielna Kuchnia| Parking| Balzaka; Fabryczna;1750;30.0;1.0
Wynajmę 2-pok, komfort, klima, 46 m2, Krzyki/Ołtas; Krzyki;2600;46.0;2.0
REZERWACJA !!2 pok. w centrum/34 m2/garaż/kom. lok; Krzyki;2900;34.0;2.0
Wynajmę mieszkanie 3 pokojowe; Krzyki;3500;48.0;3.0
Apartament w Justin Center; Rynek;3800;55.0;2.0
5- pokojowy APARTAMENT na Krzykach WYNAJMĘ; Krzyki;12000;181.0;5.0
apartament lux/Centrum/1-szy najem/45mkw/garaż; Śródmieście;3150;44.7;2.0
Trzypokojowe mieszkanie - Rynek; dolnośląskie;3500;37.9;3.0
Do wynajęcia. Gaj, nowe budownictwo.; Krzyki;2400;38.0;2.0
nowe osiedle/ 2 pokoi/krzyki; Krzyki;3400;52.0;2.0
Kawalerka z antresolą przy ulicy Pereca; Fabryczna;2300;28.0;1.0
Dla Singla, komfortowe studio na Nadodrzu.; Nadodrze;2500;33.33;1.0
Super studio z widokiem na Plac Dominikański; Stare Miasto;2500;34.8;1.0
3 Niezależne Sypialnie | Obok Sky Tower; Krzyki;3499;70.0;3.0
Spektakularny Dom Wolnostojący W Spokojnej Okolicy; Fabryczna;11000;280.0;5.0
Apartament 87m2 4pok 2poziomy klimatyzacja Krzyki; Krzyki;5500;87.0;4.0
Mieszkanie, 41 m², Wrocław; Stare Miasto;3500;41.0;2.0
Komfortowe Mieszkanie/balkon/Fabryczna/Spacer3D; Fabryczna;2600;56.1;2.0
4 pokoje | Grunwaldzki | Okazja; Śródmieście;3300;80.0;4.0
Bezpośrednio - Kiełbaśnicza 200 m od Rynku; Rynek;2800;27.0;1.0
Dla pary, 2-pokoje ,klimatyzacja, ul.Niedźwiedzia; Fabryczna;3000;42.0;2.0
Luksusowe 2poz., 4pok. + taras, Krzyki, Przyjaźni,; Krzyki;6750;115.0;4.0
Nowoczesny apartament Kępa Mieszczańska Parking; Śródmieście;2750;39.0;2.0
Mieszkanie 3-pokoje ul.Mosiężna Centrum; Stare Miasto;3200;58.0;3.0
2 pokojowe mieszkanie we Wrocławiu do wynajęcia; Krzyki;2000;52.85;2.0
3 pok.willowe 88m2 Park Grabiszyń. ul.Domeyki; Fabryczna;6000;88.0;3.0
140 mkw do wynajęcia w centrum, (Dworzec Główny).; Krzyki;6300;140.0;4.0
Komfortowe mieszkanie z antresolą ul. J. Kukuczki; Krzyki;3200;72.0;3.0
Nowe mieszkanie *Gaj* Wysoki standard *Garaż* 64m2; Krzyki;4200;64.0;3.0
2 Pokojowe 37 m2 | Lipa Piotrowska | Szałwiowa |; Psie Pole;2500;37.0;2.0
Apartament 3-pok | Parking | Balkon | Tęczowa; Stare Miasto;3000;47.0;3.0
Kukuczki, Gaj - 2 pokoje 50m2 balkon i garaż!; Krzyki;3200;50.0;2.0
Dla pary 2 pokojowe z ogrodem, Olimpia Port; dolnośląskie;3100;45.0;2.0
4 pokoje na Biskupinie, 77 m2, parking w cenie; Śródmieście;3300;77.0;4.0
Apartament W Rezydencji Tumskiej; Stare Miasto;9000;124.0;4.0
Ciche mieszkanie na Hubach (Krzyki); Krzyki;2500;48.0;2.0
mieszkanie do wynajęcia dla pracowników sezonowych; Śródmieście;6000;75.0;5.0
